city,state,high.jan,high.feb,high.mar,high.apr,high.may,high.jun,high.jul,high.aug,high.sep,high.oct,high.nov,high.dec,low.jan,low.feb,low.mar,low.apr,low.may,low.jun,low.jul,low.aug,low.sep,low.oct,low.nov,low.dec,avg.precip.jan,avg.precip.feb,avg.precip.mar,avg.precip.apr,avg.precip.may,avg.precip.jun,avg.precip.jul,avg.precip.aug,avg.precip.sep,avg.precip.oct,avg.precip.nov,avg.precip.dec,days.precip.jan,days.precip.feb,days.precip.mar,days.precip.apr,days.precip.may,days.precip.jun,days.precip.jul,days.precip.aug,days.precip.sep,days.precip.oct,days.precip.nov,days.precip.dec,hours.sun.jan,hours.sun.feb,hours.sun.mar,hours.sun.apr,hours.sun.may,hours.sun.jun,hours.sun.jul,hours.sun.aug,hours.sun.sep,hours.sun.oct,hours.sun.nov,hours.sun.dec,snow.jan,snow.feb,snow.mar,snow.apr,snow.may,snow.jun,snow.jul,snow.aug,snow.sep,snow.oct,snow.nov,snow.dec
Abilene,Texas,57,60,69,77,85,91,94,94,87,77,66,57,33,37,44,52,61,69,72,72,64,54,43,34,1.02,1.38,1.73,1.65,3.19,3.54,1.85,2.6,2.24,2.99,1.42,1.22,NA,NA,NA,NA,NA,NA,NA,NA,NA,NA,NA,NA,NA,NA,NA,NA,NA,NA,NA,NA,NA,NA,NA,NA,2,1,0,0,0,0,0,0,0,0,1,1
Adamsville,Rhode Island,37,40,48,59,68,78,83,81,74,63,53,42,21,24,30,40,49,58,64,63,55,44,36,26,3.86,3.31,5,4.37,3.54,3.62,3.31,3.58,3.94,3.94,4.53,4.21,NA,NA,NA,NA,NA,NA,NA,NA,NA,NA,NA,NA,NA,NA,NA,NA,NA,NA,NA,NA,NA,NA,NA,NA,9,9,6,1,0,0,0,0,0,0,2,9
Akron,Ohio,34,38,48,60,71,80,84,82,74,62,50,39,20,23,31,40,51,60,64,63,56,45,36,26,2.01,2.01,2.83,3.15,3.62,3.15,NA,NA,NA,NA,NA,NA,NA,NA,NA,NA,NA,NA,NA,NA,NA,NA,NA,NA,NA,NA,NA,NA,NA,NA,NA,NA,NA,NA,NA,NA,3.86,3.35,3.58,2.44,3.23,2.83,NA,NA,NA,NA,NA,NA
Allentown,Pennsylvania,36,40,49,61,71,80,84,82,75,64,53,40,20,22,29,38,48,58,63,61,53,41,33,24,3.03,2.72,3.39,3.54,4.13,4.29,4.96,3.7,4.61,3.9,3.5,3.58,NA,NA,NA,NA,NA,NA,NA,NA,NA,NA,NA,NA,NA,NA,NA,NA,NA,NA,NA,NA,NA,NA,NA,NA,10,11,5,1,0,0,0,0,0,0,1,5
Amarillo,Texas,51,54,62,71,80,88,91,89,83,72,60,50,23,26,33,42,52,61,65,64,56,45,33,24,0.71,0.55,1.38,1.42,2.28,3.15,2.83,2.91,1.93,1.65,0.79,0.71,NA,NA,NA,NA,NA,NA,NA,NA,NA,NA,NA,NA,NA,NA,NA,NA,NA,NA,NA,NA,NA,NA,NA,NA,5,3,3,1,0,0,0,0,0,0,3,4
Anaheim,California,71,71,73,76,78,81,87,89,87,82,76,70,48,48,51,53,57,61,65,65,63,58,52,47,2.87,3.07,1.89,0.79,0.28,0.12,NA,NA,NA,NA,NA,NA,NA,NA,NA,NA,NA,NA,NA,NA,NA,NA,NA,NA,NA,NA,NA,NA,NA,NA,NA,NA,NA,NA,NA,NA,0.04,0,0.24,0.71,1.38,2.01,NA,NA,NA,NA,NA,NA
Ann Arbor,Michigan,31,35,46,60,71,80,83,81,74,61,48,35,18,20,27,38,48,58,62,61,53,42,33,23,2.6,2.4,2.68,3.23,3.43,3.66,3.62,3.7,3.46,2.83,3.07,2.87,NA,NA,NA,NA,NA,NA,NA,NA,NA,NA,NA,NA,NA,NA,NA,NA,NA,NA,NA,NA,NA,NA,NA,NA,16,13,9,3,0,0,0,0,0,0,3,13
Arlington,Texas,58,61,69,77,84,91,95,96,89,79,68,58,35,40,47,54,63,70,73,73,67,56,46,37,2.05,2.68,3.66,3.15,4.53,4.21,NA,NA,NA,NA,NA,NA,NA,NA,NA,NA,NA,NA,NA,NA,NA,NA,NA,NA,NA,NA,NA,NA,NA,NA,NA,NA,NA,NA,NA,NA,2.36,1.97,3.78,4.61,2.6,2.76,NA,NA,NA,NA,NA,NA
Athens,Georgia,54,58,66,74,82,89,91,90,84,74,65,56,33,36,42,49,58,66,70,69,63,51,42,35,4.06,4.49,4.45,3.15,2.99,4.17,4.49,3.54,3.94,3.54,3.82,3.74,NA,NA,NA,NA,NA,NA,NA,NA,NA,NA,NA,NA,NA,NA,NA,NA,NA,NA,NA,NA,NA,NA,NA,NA,1,1,1,0,0,0,0,0,0,0,0,0
Atlanta,Georgia,52,57,64,72,81,86,90,88,82,73,64,54,34,37,45,52,61,68,72,72,64,54,43,36,4.21,4.69,4.8,3.35,3.66,3.94,NA,NA,NA,NA,NA,NA,NA,NA,NA,NA,NA,NA,NA,NA,NA,NA,NA,NA,NA,NA,NA,NA,NA,NA,NA,NA,NA,NA,NA,NA,5.28,3.9,4.49,3.43,4.09,3.9,NA,NA,NA,NA,NA,NA
Augusta,Georgia,58,62,70,77,85,91,93,92,87,78,69,60,33,36,42,48,57,66,70,69,63,51,41,35,3.9,3.94,4.17,2.83,2.64,4.72,NA,NA,NA,NA,NA,NA,NA,NA,NA,NA,NA,NA,NA,NA,NA,NA,NA,NA,NA,NA,NA,NA,NA,NA,NA,NA,NA,NA,NA,NA,4.33,4.33,3.23,3.27,2.83,3.39,NA,NA,NA,NA,NA,NA
Aurora,Illinois,30,35,47,60,71,80,84,82,75,62,48,34,16,20,30,40,50,60,65,63,55,43,33,20,1.69,1.73,2.36,3.62,4.02,4.21,3.9,4.06,3.58,3.07,3.23,2.2,NA,NA,NA,NA,NA,NA,NA,NA,NA,NA,NA,NA,NA,NA,NA,NA,NA,NA,NA,NA,NA,NA,NA,NA,8,7,3,1,0,0,0,0,0,0,1,9
Austin,Texas,62,65,72,80,87,92,96,97,91,82,71,63,42,45,51,59,67,72,74,75,69,61,51,42,2.2,2.01,2.76,2.09,4.37,4.33,NA,NA,NA,NA,NA,NA,NA,NA,NA,NA,NA,NA,NA,NA,NA,NA,NA,NA,NA,NA,NA,NA,NA,NA,NA,NA,NA,NA,NA,NA,1.89,2.36,2.99,3.9,2.95,2.4,NA,NA,NA,NA,NA,NA
Bakersfield,California,56,63,69,75,83,91,97,96,90,79,66,57,39,42,47,50,58,64,69,69,64,55,45,39,1.14,1.22,1.22,0.51,0.2,0.08,NA,NA,NA,NA,NA,NA,NA,NA,NA,NA,NA,NA,NA,NA,NA,NA,NA,NA,NA,NA,NA,NA,NA,NA,NA,NA,NA,NA,NA,NA,0,0.04,0.08,0.31,0.63,1.02,NA,NA,NA,NA,NA,NA
Baltimore,Maryland,42,46,54,65,75,85,89,87,80,68,58,46,29,31,39,48,57,67,73,71,64,52,43,33,2.91,2.6,3.86,3.19,3.46,3.27,10,9,8,8,8,9,9,8,10,11,11,10,291,263,222,204,159,145,155,166,213,231,254,276,NA,NA,NA,NA,NA,NA,4.61,3.39,4.06,3.03,2.95,3.39,NA,NA,NA,NA,NA,NA
Baton Rouge,Louisiana,62,66,73,79,86,91,92,92,89,81,72,64,41,44,50,57,65,71,74,73,69,58,49,43,5.71,5.04,4.41,4.45,4.88,6.42,NA,NA,NA,NA,NA,NA,NA,NA,NA,NA,NA,NA,NA,NA,NA,NA,NA,NA,NA,NA,NA,NA,NA,NA,NA,NA,NA,NA,NA,NA,4.96,5.83,4.53,4.69,4.09,5.59,NA,NA,NA,NA,NA,NA
Beaumont,Texas,62,64,71,78,85,90,92,93,88,81,72,63,42,45,51,58,67,73,75,74,69,60,51,42,4.96,3.86,3.5,2.91,5.2,7.2,NA,NA,NA,NA,NA,NA,NA,NA,NA,NA,NA,NA,NA,NA,NA,NA,NA,NA,NA,NA,NA,NA,NA,NA,NA,NA,NA,NA,NA,NA,6.18,4.96,6.34,5.55,4.72,5,NA,NA,NA,NA,NA,NA
Bellevue,Iowa,29,34,46,60,71,81,85,83,75,63,47,33,11,15,26,38,48,58,62,61,51,40,28,16,1.14,1.38,2.17,3.43,3.9,4.8,3.9,4.17,3.35,3.03,2.6,1.77,NA,NA,NA,NA,NA,NA,NA,NA,NA,NA,NA,NA,NA,NA,NA,NA,NA,NA,NA,NA,NA,NA,NA,NA,9,7,4,0,0,0,0,0,0,0,1,10
Berkeley,California,58,62,64,67,70,73,74,74,75,73,65,59,42,44,46,47,49,52,53,54,53,51,47,43,4.96,5.2,3.86,1.65,0.87,0.16,NA,NA,NA,NA,NA,NA,NA,NA,NA,NA,NA,NA,NA,NA,NA,NA,NA,NA,NA,NA,NA,NA,NA,NA,NA,NA,NA,NA,NA,NA,0,0.08,0.24,1.38,3.31,5.04,NA,NA,NA,NA,NA,NA
Billings,Montana,36,40,49,58,67,77,87,86,73,59,45,35,18,21,27,35,44,52,59,57,47,37,26,18,0.47,0.47,1.06,1.65,2.17,2.13,1.34,0.75,1.3,1.18,0.63,0.51,NA,NA,NA,NA,NA,NA,NA,NA,NA,NA,NA,NA,NA,NA,NA,NA,NA,NA,NA,NA,NA,NA,NA,NA,8,6,10,8,2,0,0,0,1,4,7,8
Birmingham,Alabama,54,58,67,74,82,88,91,91,85,75,65,56,34,37,44,51,60,68,71,71,64,53,44,36,4.84,4.53,5.24,4.37,5,4.37,4.8,3.94,3.9,3.43,4.84,4.45,12,11,11,9,9,10,12,10,7,6,9,11,138,152,207,248,293,294,269,265,244,234,182,136,1,0,1,0,0,0,0,0,0,0,0,0
Boise,Idaho,38,45,55,62,72,81,91,90,79,65,48,38,25,28,34,39,47,54,60,60,51,41,32,24,1.22,0.98,1.38,1.22,1.38,0.71,0.31,0.24,0.59,0.75,1.34,1.54,NA,NA,NA,NA,NA,NA,NA,NA,NA,NA,NA,NA,NA,NA,NA,NA,NA,NA,NA,NA,NA,NA,NA,NA,5,3,1,0,0,0,0,0,0,0,3,7
Boston,Massachusetts,36,39,45,56,66,76,81,80,72,61,51,41,22,25,31,41,50,60,65,65,57,47,38,28,3.35,3.27,4.33,3.74,3.5,3.66,3.43,3.35,3.43,3.94,3.98,3.78,13,11,13,12,13,12,11,10,10,10,11,11,148,168,212,222,263,283,300,280,232,207,152,148,13,11,8,2,0,0,0,0,0,0,1,9
Boulder,Colorado,47,48,56,63,72,82,88,85,78,66,54,45,22,23,29,36,44,51,57,56,48,38,29,21,0.75,0.83,2.2,2.87,2.8,2.2,1.77,1.85,1.69,1.54,1.22,0.94,NA,NA,NA,NA,NA,NA,NA,NA,NA,NA,NA,NA,NA,NA,NA,NA,NA,NA,NA,NA,NA,NA,NA,NA,11,12,18,12,1,0,0,0,1,6,14,14
Bridgeport,Connecticut,37,40,47,58,68,77,82,81,74,63,53,42,23,25,31,41,51,60,66,66,58,47,38,28,3.11,2.8,4.06,4.13,3.82,3.62,3.46,3.98,3.46,3.62,3.39,3.35,NA,NA,NA,NA,NA,NA,NA,NA,NA,NA,NA,NA,NA,NA,NA,NA,NA,NA,NA,NA,NA,NA,NA,NA,8,8,5,1,0,0,0,0,0,0,1,6
Brownsville,Texas,71,74,79,84,88,92,94,94,91,86,79,72,52,55,60,66,72,76,76,76,73,67,60,53,1.26,1.06,1.22,1.54,2.64,2.56,NA,NA,NA,NA,NA,NA,NA,NA,NA,NA,NA,NA,NA,NA,NA,NA,NA,NA,NA,NA,NA,NA,NA,NA,NA,NA,NA,NA,NA,NA,2.05,2.44,5.91,3.74,1.81,1.14,NA,NA,NA,NA,NA,NA
Buffalo,New York,31,33,42,55,67,75,80,78,71,59,48,36,19,19,26,37,47,57,62,61,53,43,34,24,3.19,2.48,2.87,2.99,3.46,3.66,3.23,3.27,3.9,3.5,4.02,3.9,NA,NA,NA,NA,NA,NA,NA,NA,NA,NA,NA,NA,NA,NA,NA,NA,NA,NA,NA,NA,NA,NA,NA,NA,25,17,13,3,0,0,0,0,0,1,8,27
Burbank,California,68,68,70,73,76,80,87,88,86,80,73,67,42,44,46,50,55,58,62,62,60,54,46,41,3.54,4.49,2.95,1.1,0.35,0.12,NA,NA,NA,NA,NA,NA,NA,NA,NA,NA,NA,NA,NA,NA,NA,NA,NA,NA,NA,NA,NA,NA,NA,NA,NA,NA,NA,NA,NA,NA,0.04,0.08,0.24,0.98,1.06,2.4,NA,NA,NA,NA,NA,NA
Carlsbad,California,64,64,64,66,67,70,73,75,75,72,68,64,47,48,50,53,57,60,63,65,63,58,51,47,2.52,2.44,1.69,1.02,0.2,0.12,NA,NA,NA,NA,NA,NA,NA,NA,NA,NA,NA,NA,NA,NA,NA,NA,NA,NA,NA,NA,NA,NA,NA,NA,NA,NA,NA,NA,NA,NA,0.12,0.08,0.24,0.63,1.1,1.69,NA,NA,NA,NA,NA,NA
Cary,North Carolina,51,55,63,72,80,87,90,88,82,73,64,54,31,34,40,48,56,66,70,69,62,50,41,33,3.5,3.23,4.09,2.91,3.27,3.5,4.72,4.25,4.37,3.27,3.11,3.07,NA,NA,NA,NA,NA,NA,NA,NA,NA,NA,NA,NA,NA,NA,NA,NA,NA,NA,NA,NA,NA,NA,NA,NA,3,2,1,0,0,0,0,0,0,0,0,1
Cedar Rapids,Iowa,31,36,49,64,74,82,85,83,77,64,48,33,13,18,28,40,50,60,64,62,54,42,30,17,1.1,1.22,2.01,3.43,4.76,5.12,4.61,4.84,3.66,2.83,2.44,1.61,NA,NA,NA,NA,NA,NA,NA,NA,NA,NA,NA,NA,NA,NA,NA,NA,NA,NA,NA,NA,NA,NA,NA,NA,8,7,4,2,0,0,0,0,0,0,2,9
Charleston,South Carolina,59,63,70,76,83,88,91,89,85,77,70,62,38,41,47,53,62,70,73,72,67,57,47,40,3.7,2.95,3.7,2.91,3.03,5.67,6.54,7.17,6.1,3.74,2.44,3.11,9,9,11,8,14,10,15,12,10,6,7,8,188,189,243,284,323,308,297,281,244,239,210,187,NA,NA,NA,NA,NA,NA,NA,NA,NA,NA,NA,NA
Charlotte,North Carolina,51,55,63,72,79,86,89,87,81,72,62,53,30,33,39,47,56,65,68,67,60,49,39,32,3.43,3.31,4.02,3.03,3.19,3.74,3.66,4.21,3.23,3.39,3.15,3.27,NA,NA,NA,NA,NA,NA,NA,NA,NA,NA,NA,NA,NA,NA,NA,NA,NA,NA,NA,NA,NA,NA,NA,NA,2,1,1,0,0,0,0,0,0,0,0,0
Chattanooga,Tennessee,50,55,64,73,80,87,90,90,83,73,62,52,31,34,41,48,57,66,70,69,62,50,40,33,4.92,4.84,4.96,3.98,4.09,4.06,4.92,3.46,4.06,3.27,5,4.88,NA,NA,NA,NA,NA,NA,NA,NA,NA,NA,NA,NA,NA,NA,NA,NA,NA,NA,NA,NA,NA,NA,NA,NA,2,1,1,0,0,0,0,0,0,0,0,0
Chicago,Illinois,32,34,43,55,65,75,81,79,73,61,47,36,18,20,29,40,50,60,66,65,58,47,34,23,1.85,1.61,2.76,3.03,3.74,4.06,9,8,8,7,10,10,10,10,12,13,12,11,333,299,247,216,136,118,126,142,199,221,274,300,NA,NA,NA,NA,NA,NA,3.39,3.15,2.72,2.8,2.2,1.89,NA,NA,NA,NA,NA,NA
Chula Vista,California,69,68,68,69,70,72,76,78,78,76,72,67,46,47,50,53,58,61,65,66,63,58,50,45,1.93,2.28,1.69,0.71,0.08,0.08,NA,NA,NA,NA,NA,NA,NA,NA,NA,NA,NA,NA,NA,NA,NA,NA,NA,NA,NA,NA,NA,NA,NA,NA,NA,NA,NA,NA,NA,NA,0.04,0,0.16,0.51,0.91,1.42,NA,NA,NA,NA,NA,NA
Clarksville,Tennessee,46,51,62,72,79,87,90,90,83,72,61,49,27,31,38,47,56,65,69,68,60,47,38,30,3.98,4.09,4.45,4.45,5.71,4.33,4.25,2.95,3.5,3.82,4.53,4.92,NA,NA,NA,NA,NA,NA,NA,NA,NA,NA,NA,NA,NA,NA,NA,NA,NA,NA,NA,NA,NA,NA,NA,NA,1,2,0,0,0,0,0,0,0,0,0,0
Clearwater,Florida,71,73,76,82,86,90,91,91,89,84,78,72,52,55,59,63,69,74,76,76,75,69,62,55,2.91,3.03,3.54,2.6,2.76,7.52,NA,NA,NA,NA,NA,NA,NA,NA,NA,NA,NA,NA,NA,NA,NA,NA,NA,NA,NA,NA,NA,NA,NA,NA,NA,NA,NA,NA,NA,NA,9.29,8.31,7.01,2.8,2.05,2.91,NA,NA,NA,NA,NA,NA
Cleveland,Ohio,34,38,47,59,69,79,83,81,74,62,51,38,22,24,30,40,50,60,64,63,56,45,37,26,2.72,2.32,2.91,3.5,3.66,3.43,3.46,3.5,3.82,3.07,3.62,3.11,NA,NA,NA,NA,NA,NA,NA,NA,NA,NA,NA,NA,NA,NA,NA,NA,NA,NA,NA,NA,NA,NA,NA,NA,19,15,13,3,0,0,0,0,0,0,4,14
College Station,Texas,61,65,72,79,86,92,95,96,91,81,71,62,41,44,51,58,67,73,75,74,69,60,51,42,3.23,2.83,3.19,2.68,4.33,4.45,NA,NA,NA,NA,NA,NA,NA,NA,NA,NA,NA,NA,NA,NA,NA,NA,NA,NA,NA,NA,NA,NA,NA,NA,NA,NA,NA,NA,NA,NA,2.13,2.68,3.19,4.92,3.23,3.23,NA,NA,NA,NA,NA,NA
Colorado Springs,Colorado,43,45,52,60,69,79,85,82,74,63,51,42,18,20,26,33,43,51,57,56,47,36,25,17,0.31,0.35,0.98,1.42,2.05,2.52,2.83,3.35,1.18,0.83,0.39,0.35,NA,NA,NA,NA,NA,NA,NA,NA,NA,NA,NA,NA,NA,NA,NA,NA,NA,NA,NA,NA,NA,NA,NA,NA,6,5,8,5,1,0,0,0,0,3,5,6
Columbia,Missouri,38,44,55,66,74,83,88,87,79,67,54,41,21,25,34,44,53,63,67,65,56,45,35,24,1.93,2.24,2.91,4.49,4.96,4.49,4.37,4.37,3.86,3.31,3.27,2.44,NA,NA,NA,NA,NA,NA,NA,NA,NA,NA,NA,NA,NA,NA,NA,NA,NA,NA,NA,NA,NA,NA,NA,NA,6,5,2,0,0,0,0,0,0,0,1,5
Columbus,Georgia,58,62,69,77,84,90,92,91,86,77,68,59,37,40,46,53,62,70,73,72,67,56,46,39,3.86,4.45,5.47,3.54,3.19,3.7,NA,NA,NA,NA,NA,NA,NA,NA,NA,NA,NA,NA,NA,NA,NA,NA,NA,NA,NA,NA,NA,NA,NA,NA,NA,NA,NA,NA,NA,NA,4.76,3.78,3.07,2.6,4.09,4.25,NA,NA,NA,NA,NA,NA
Columbus,Ohio,36,40,52,63,73,82,85,84,77,65,52,41,20,24,32,41,52,61,65,63,56,44,35,26,9.65,6.97,6.1,3.23,3.5,3.98,10,10,8,9,11,13,13,11,13,13,12,10,NA,NA,NA,NA,NA,NA,NA,NA,NA,NA,NA,NA,NA,NA,NA,NA,NA,NA,4.06,3.11,2.64,1.65,3.82,7.4,NA,NA,NA,NA,NA,NA
Corona,California,68,70,71,77,80,87,92,93,90,83,74,68,42,43,45,47,52,56,60,61,59,52,45,40,2.72,2.87,2.32,0.67,0.16,0.04,NA,NA,NA,NA,NA,NA,NA,NA,NA,NA,NA,NA,NA,NA,NA,NA,NA,NA,NA,NA,NA,NA,NA,NA,NA,NA,NA,NA,NA,NA,0.04,0.12,0.24,0.35,1.02,1.46,NA,NA,NA,NA,NA,NA
Costa Mesa,California,67,66,67,69,72,74,78,80,79,75,71,66,47,49,51,54,58,61,64,65,64,59,52,46,2.91,2.95,1.89,0.91,0.24,0.08,NA,NA,NA,NA,NA,NA,NA,NA,NA,NA,NA,NA,NA,NA,NA,NA,NA,NA,NA,NA,NA,NA,NA,NA,NA,NA,NA,NA,NA,NA,0.04,0.04,0.24,0.75,1.26,2.09,NA,NA,NA,NA,NA,NA
Dallas,Texas,57,61,69,77,84,91,95,96,89,80,68,58,30,35,42,51,60,67,71,71,64,52,43,32,2.32,2.99,3.7,3.43,4.61,4.65,NA,NA,NA,NA,NA,NA,NA,NA,NA,NA,NA,NA,NA,NA,NA,NA,NA,NA,NA,NA,NA,NA,NA,NA,NA,NA,NA,NA,NA,NA,2.8,2.13,3.35,4.88,3.31,2.8,NA,NA,NA,NA,NA,NA
Davenport,Iowa,30,34,48,62,72,81,83,82,75,63,48,33,13,18,28,39,50,60,63,61,52,41,30,17,1.18,1.34,2.52,3.5,4.25,4.17,NA,NA,NA,NA,NA,NA,NA,NA,NA,NA,NA,NA,NA,NA,NA,NA,NA,NA,NA,NA,NA,NA,NA,NA,NA,NA,NA,NA,NA,NA,4.21,4.61,3.07,2.95,2.44,1.73,NA,NA,NA,NA,NA,NA
Denton,Texas,56,59,67,76,83,91,95,96,88,78,66,57,33,36,44,52,63,70,74,73,65,55,44,35,2.05,2.8,3.23,3.27,5.12,3.58,NA,NA,NA,NA,NA,NA,NA,NA,NA,NA,NA,NA,NA,NA,NA,NA,NA,NA,NA,NA,NA,NA,NA,NA,NA,NA,NA,NA,NA,NA,2.4,2.13,3.07,4.96,2.91,2.56,NA,NA,NA,NA,NA,NA
Denver,Colorado,44,46,54,61,71,81,88,86,77,65,52,43,17,20,26,34,44,53,59,57,47,36,25,17,0.47,0.47,1.26,1.73,2.28,1.69,2.05,2.05,1.06,1.06,0.83,0.59,NA,NA,NA,NA,NA,NA,NA,NA,NA,NA,NA,NA,NA,NA,NA,NA,NA,NA,NA,NA,NA,NA,NA,NA,7,6,11,7,1,0,0,0,1,4,9,9
Des Moines,Iowa,31,36,49,62,72,82,86,84,76,63,48,34,14,19,30,41,52,62,67,65,55,43,31,18,1.02,1.26,2.28,3.86,4.72,4.92,4.49,4.13,3.03,2.64,2.2,1.46,NA,NA,NA,NA,NA,NA,NA,NA,NA,NA,NA,NA,NA,NA,NA,NA,NA,NA,NA,NA,NA,NA,NA,NA,8,8,5,2,0,0,0,0,0,0,3,9
Detroit,Michigan,31,32,42,55,67,77,82,80,73,60,46,35,19,18,27,37,48,58,63,62,55,44,33,24,2.05,2.09,2.4,2.99,3.54,2.83,9,8,9,9,12,13,13,12,13,12,12,11,321,284,226,189,98,89,90,128,180,212,263,295,NA,NA,NA,NA,NA,NA,2.83,2.87,2.44,2.64,2.2,2.09,NA,NA,NA,NA,NA,NA
Durham,North Carolina,49,53,62,71,79,85,89,87,81,71,62,53,28,29,37,46,56,65,70,68,60,47,37,30,4.45,3.7,4.69,3.43,4.61,4.02,NA,NA,NA,NA,NA,NA,NA,NA,NA,NA,NA,NA,NA,NA,NA,NA,NA,NA,NA,NA,NA,NA,NA,NA,NA,NA,NA,NA,NA,NA,3.94,4.37,4.37,3.7,3.39,3.43,NA,NA,NA,NA,NA,NA
El Cajon,California,70,70,72,75,78,82,87,89,88,81,75,69,42,44,47,51,56,59,63,64,62,56,47,41,2.24,2.6,2.36,0.83,0.12,0.08,NA,NA,NA,NA,NA,NA,NA,NA,NA,NA,NA,NA,NA,NA,NA,NA,NA,NA,NA,NA,NA,NA,NA,NA,NA,NA,NA,NA,NA,NA,0.16,0.04,0.16,0.59,1.38,1.81,NA,NA,NA,NA,NA,NA
Elgin,Illinois,30,34,46,59,70,80,84,82,75,63,48,34,13,17,26,37,48,58,63,61,52,40,30,18,1.85,1.54,2.28,3.7,4.21,3.98,3.82,4.8,3.39,2.91,3.15,2.17,NA,NA,NA,NA,NA,NA,NA,NA,NA,NA,NA,NA,NA,NA,NA,NA,NA,NA,NA,NA,NA,NA,NA,NA,9,6,3,1,0,0,0,0,0,0,1,9
Elizabeth,New Jersey,39,42,51,62,72,82,86,84,77,65,55,44,24,27,34,44,53,63,69,67,60,48,39,30,3.54,2.87,4.17,4.21,4.09,4.02,4.76,3.7,3.82,3.58,3.66,3.82,NA,NA,NA,NA,NA,NA,NA,NA,NA,NA,NA,NA,NA,NA,NA,NA,NA,NA,NA,NA,NA,NA,NA,NA,8,9,5,1,0,0,0,0,0,0,0,5
El Paso,Texas,58,63,70,79,88,96,95,92,88,78,66,57,33,37,43,51,60,68,71,70,63,52,40,33,0.39,0.47,0.28,0.24,0.47,0.94,1.54,2.01,1.5,0.59,0.47,0.79,NA,NA,NA,NA,NA,NA,NA,NA,NA,NA,NA,NA,NA,NA,NA,NA,NA,NA,NA,NA,NA,NA,NA,NA,1,1,0,1,0,0,0,0,0,0,1,3
Escondido,California,69,69,71,75,78,82,87,89,87,81,74,68,43,45,47,51,55,58,62,63,62,55,48,42,3.03,3.43,2.64,1.14,0.24,0.12,NA,NA,NA,NA,NA,NA,NA,NA,NA,NA,NA,NA,NA,NA,NA,NA,NA,NA,NA,NA,NA,NA,NA,NA,NA,NA,NA,NA,NA,NA,0.08,0.08,0.2,0.71,1.18,2.13,NA,NA,NA,NA,NA,NA
Eugene,Oregon,47,51,56,61,67,73,82,83,77,64,52,46,34,35,37,40,44,48,51,51,47,41,38,34,6.85,5.43,5,3.35,2.76,1.5,0.55,0.59,1.3,3.27,7.72,7.83,NA,NA,NA,NA,NA,NA,NA,NA,NA,NA,NA,NA,NA,NA,NA,NA,NA,NA,NA,NA,NA,NA,NA,NA,1,2,0,0,0,0,0,0,0,0,0,2
Evansville,Indiana,41,46,57,68,77,86,89,88,81,70,56,44,24,27,35,45,55,64,67,65,57,46,36,27,3.11,3.19,4.25,4.37,5.35,3.78,3.94,2.99,3.03,3.27,4.33,3.78,NA,NA,NA,NA,NA,NA,NA,NA,NA,NA,NA,NA,NA,NA,NA,NA,NA,NA,NA,NA,NA,NA,NA,NA,3,4,1,0,0,0,0,0,0,0,0,3
Everett,Washington,46,48,52,56,62,66,71,72,67,58,49,44,37,37,40,42,47,51,55,55,52,45,40,35,4.09,3.35,3.39,2.6,2.28,2.05,NA,NA,NA,NA,NA,NA,NA,NA,NA,NA,NA,NA,NA,NA,NA,NA,NA,NA,NA,NA,NA,NA,NA,NA,NA,NA,NA,NA,NA,NA,0.94,1.06,1.69,3.27,6.14,5.24,NA,NA,NA,NA,NA,NA
Fairfield,California,55,61,66,71,78,85,89,89,86,78,65,55,39,42,45,47,52,56,56,57,56,51,44,39,4.76,4.88,3.43,1.34,0.75,0.2,NA,NA,NA,NA,NA,NA,NA,NA,NA,NA,NA,NA,NA,NA,NA,NA,NA,NA,NA,NA,NA,NA,NA,NA,NA,NA,NA,NA,NA,NA,0.04,0.04,0.2,1.22,2.95,5.08,NA,NA,NA,NA,NA,NA
Fargo,North Dakota,18,24,36,56,69,77,83,81,71,56,37,22,0,6,19,33,45,55,60,57,47,35,20,6,0.71,0.59,1.3,1.38,2.8,3.9,2.8,2.56,2.56,2.17,0.98,0.83,NA,NA,NA,NA,NA,NA,NA,NA,NA,NA,NA,NA,NA,NA,NA,NA,NA,NA,NA,NA,NA,NA,NA,NA,11,7,9,3,0,0,0,0,0,1,8,11
Fayetteville,North Carolina,53,56,64,74,80,87,90,88,83,74,65,56,31,33,39,47,57,66,70,69,62,50,40,33,3.62,3.15,3.82,3.07,3.31,4.41,NA,NA,NA,NA,NA,NA,NA,NA,NA,NA,NA,NA,NA,NA,NA,NA,NA,NA,NA,NA,NA,NA,NA,NA,NA,NA,NA,NA,NA,NA,5.35,5.55,4.13,3.03,2.95,2.95,NA,NA,NA,NA,NA,NA
Fort Collins,Colorado,44,47,55,62,71,80,87,84,76,64,51,43,18,21,28,35,44,53,58,57,47,36,26,18,0.39,0.39,1.57,2.05,2.44,2.17,1.69,1.61,1.34,1.14,0.75,0.51,NA,NA,NA,NA,NA,NA,NA,NA,NA,NA,NA,NA,NA,NA,NA,NA,NA,NA,NA,NA,NA,NA,NA,NA,8,7,13,6,1,0,0,0,1,4,9,8
Fort Lauderdale,Florida,75,77,78,82,85,89,90,90,89,86,81,77,57,59,62,66,71,74,75,76,75,72,66,60,2.64,3.23,3.58,3.5,6.18,9.8,NA,NA,NA,NA,NA,NA,NA,NA,NA,NA,NA,NA,NA,NA,NA,NA,NA,NA,NA,NA,NA,NA,NA,NA,NA,NA,NA,NA,NA,NA,7.4,7.99,9.45,6.42,3.9,2.4,NA,NA,NA,NA,NA,NA
Fort Wayne,Indiana,32,36,48,61,72,81,84,82,76,63,50,36,17,20,29,39,49,59,63,61,53,42,33,22,2.24,2.05,2.72,3.5,4.25,4.17,4.25,3.62,2.8,2.83,3.07,2.76,NA,NA,NA,NA,NA,NA,NA,NA,NA,NA,NA,NA,NA,NA,NA,NA,NA,NA,NA,NA,NA,NA,NA,NA,10,8,4,1,0,0,0,0,0,0,2,9
Fort Worth,Texas,57,60,68,76,83,91,96,97,89,79,67,57,33,36,44,53,63,70,74,73,66,54,45,35,NA,NA,NA,NA,NA,NA,NA,NA,NA,NA,NA,NA,NA,NA,NA,NA,NA,NA,NA,NA,NA,NA,NA,NA,NA,NA,NA,NA,NA,NA,NA,NA,NA,NA,NA,NA,NA,NA,NA,NA,NA,NA,NA,NA,NA,NA,NA,NA
Fresno,California,56,63,68,75,84,92,96,96,91,80,66,56,38,42,45,49,55,61,66,65,61,53,43,38,2.28,2.01,2.48,1.02,0.55,0.24,NA,NA,NA,NA,NA,NA,NA,NA,NA,NA,NA,NA,NA,NA,NA,NA,NA,NA,NA,NA,NA,NA,NA,NA,NA,NA,NA,NA,NA,NA,0.04,0.04,0.31,0.67,1.18,2.01,NA,NA,NA,NA,NA,NA
Fullerton,California,68,68,70,73,75,78,83,85,84,78,72,67,45,48,50,52,58,61,65,65,63,57,50,45,3.03,3.27,2.17,0.87,0.24,0.08,NA,NA,NA,NA,NA,NA,NA,NA,NA,NA,NA,NA,NA,NA,NA,NA,NA,NA,NA,NA,NA,NA,NA,NA,NA,NA,NA,NA,NA,NA,0.04,0.04,0.24,0.75,1.1,2.05,NA,NA,NA,NA,NA,NA
Gainesville,Florida,66,70,75,80,87,90,91,90,87,81,74,68,42,45,50,55,62,69,71,72,69,60,51,44,3.31,3.19,4.33,2.68,2.48,7.13,NA,NA,NA,NA,NA,NA,NA,NA,NA,NA,NA,NA,NA,NA,NA,NA,NA,NA,NA,NA,NA,NA,NA,NA,NA,NA,NA,NA,NA,NA,6.06,6.38,4.41,2.87,2.05,2.48,NA,NA,NA,NA,NA,NA
Grand Prairie,Texas,57,61,68,76,83,91,96,96,89,78,68,57,37,40,48,56,64,72,76,76,68,58,47,38,2.2,2.6,2.91,3.35,4.96,4.72,2.4,2.05,2.76,4.45,2.52,2.44,NA,NA,NA,NA,NA,NA,NA,NA,NA,NA,NA,NA,NA,NA,NA,NA,NA,NA,NA,NA,NA,NA,NA,NA,1,0,0,0,0,0,0,0,0,0,0,0
Grand Rapids,Michigan,31,34,44,58,69,79,83,81,73,60,47,35,18,20,27,38,48,58,62,61,53,42,33,24,2.09,1.77,2.36,3.35,3.98,3.78,3.78,3.58,4.29,3.27,3.5,2.52,NA,NA,NA,NA,NA,NA,NA,NA,NA,NA,NA,NA,NA,NA,NA,NA,NA,NA,NA,NA,NA,NA,NA,NA,21,15,8,2,0,0,0,0,0,1,7,22
Greeley,Colorado,46,50,60,68,77,87,94,91,83,70,55,45,17,20,28,35,45,53,59,57,48,36,25,17,0.47,0.39,1.1,1.81,2.4,1.93,1.69,1.46,1.1,1.02,0.75,0.55,NA,NA,NA,NA,NA,NA,NA,NA,NA,NA,NA,NA,NA,NA,NA,NA,NA,NA,NA,NA,NA,NA,NA,NA,6,4,8,5,1,0,0,0,1,3,7,6
Green Bay,Wisconsin,24,28,39,54,66,75,80,78,70,57,42,29,9,12,22,34,44,54,58,57,49,38,27,14,1.14,1.1,1.85,2.64,2.91,3.9,3.5,3.39,3.03,2.44,2.13,1.5,NA,NA,NA,NA,NA,NA,NA,NA,NA,NA,NA,NA,NA,NA,NA,NA,NA,NA,NA,NA,NA,NA,NA,NA,13,10,8,3,0,0,0,0,0,0,4,13
Greensboro,North Carolina,48,53,61,70,78,85,88,86,80,70,61,51,29,32,39,47,56,65,69,68,61,49,40,31,3.07,2.95,3.74,3.58,3.39,3.74,4.49,3.9,4.17,3.15,3.11,3.07,NA,NA,NA,NA,NA,NA,NA,NA,NA,NA,NA,NA,NA,NA,NA,NA,NA,NA,NA,NA,NA,NA,NA,NA,3,2,1,0,0,0,0,0,0,0,0,0
Hampton,Virginia,50,53,61,71,78,86,89,87,82,72,63,53,34,36,42,51,59,68,73,72,66,55,47,38,NA,NA,NA,NA,NA,NA,NA,NA,NA,NA,NA,NA,NA,NA,NA,NA,NA,NA,NA,NA,NA,NA,NA,NA,NA,NA,NA,NA,NA,NA,NA,NA,NA,NA,NA,NA,NA,NA,NA,NA,NA,NA,NA,NA,NA,NA,NA,NA
Hartford,Connecticut,35,38,47,58,70,79,84,82,74,63,51,40,16,19,27,38,48,57,63,61,51,40,32,22,3.66,2.64,3.62,3.82,3.98,3.82,NA,NA,NA,NA,NA,NA,NA,NA,NA,NA,NA,NA,NA,NA,NA,NA,NA,NA,NA,NA,NA,NA,NA,NA,NA,NA,NA,NA,NA,NA,3.94,3.82,3.82,3.9,3.78,3.43,NA,NA,NA,NA,NA,NA
Hayward,California,57,60,64,66,69,72,73,75,76,71,64,58,42,45,47,49,53,55,57,58,57,54,47,43,3.31,3.46,2.64,1.22,0.55,0.2,NA,NA,NA,NA,NA,NA,NA,NA,NA,NA,NA,NA,NA,NA,NA,NA,NA,NA,NA,NA,NA,NA,NA,NA,NA,NA,NA,NA,NA,NA,0,0.04,0.31,0.98,2.17,3.11,NA,NA,NA,NA,NA,NA
Henderson,Nevada,55,59,67,75,88,98,103,100,91,77,63,53,31,35,39,44,53,62,69,67,60,49,38,31,0.94,1.14,0.79,0.35,0.16,0.12,NA,NA,NA,NA,NA,NA,NA,NA,NA,NA,NA,NA,NA,NA,NA,NA,NA,NA,NA,NA,NA,NA,NA,NA,NA,NA,NA,NA,NA,NA,0.71,0.59,0.47,0.43,0.47,0.75,NA,NA,NA,NA,NA,NA
Hialeah,Florida,75,76,78,82,85,87,89,89,88,84,80,76,59,62,65,68,72,76,77,77,76,73,67,62,1.93,2.48,3.74,3.54,6.5,11.5,NA,NA,NA,NA,NA,NA,NA,NA,NA,NA,NA,NA,NA,NA,NA,NA,NA,NA,NA,NA,NA,NA,NA,NA,NA,NA,NA,NA,NA,NA,7.32,9.53,10.83,6.93,3.62,2.52,NA,NA,NA,NA,NA,NA
High Point,North Carolina,51,56,64,74,80,87,90,88,82,73,63,53,30,33,39,48,56,65,68,67,61,49,40,33,3.7,3.66,4.13,3.9,3.46,4.06,4.53,4.45,4.06,3.35,3.43,3.43,NA,NA,NA,NA,NA,NA,NA,NA,NA,NA,NA,NA,NA,NA,NA,NA,NA,NA,NA,NA,NA,NA,NA,NA,1,1,0,0,0,0,0,0,0,0,0,0
Hillsboro,Oregon,46,51,56,62,68,73,80,81,76,65,52,46,35,37,39,42,46,51,55,54,49,43,39,36,5.75,4.72,3.94,2.44,1.89,1.46,NA,NA,NA,NA,NA,NA,NA,NA,NA,NA,NA,NA,NA,NA,NA,NA,NA,NA,NA,NA,NA,NA,NA,NA,NA,NA,NA,NA,NA,NA,0.59,0.91,1.54,2.68,5.91,6.34,NA,NA,NA,NA,NA,NA
Hollywood,Florida,76,77,79,81,84,88,89,90,88,85,81,77,58,60,63,67,71,75,76,76,76,73,67,61,2.68,3.35,3.74,3.19,5.35,9.29,NA,NA,NA,NA,NA,NA,NA,NA,NA,NA,NA,NA,NA,NA,NA,NA,NA,NA,NA,NA,NA,NA,NA,NA,NA,NA,NA,NA,NA,NA,7.2,8.23,9.13,6.34,3.43,2.44,NA,NA,NA,NA,NA,NA
Honolulu,Hawaii,80,80,81,83,85,87,88,89,89,87,84,81,66,66,68,69,71,73,74,75,74,73,71,68,2.32,2.01,2.01,0.63,0.63,0.28,14,13,13,13,13,15,14,11,13,12,11,12,293,290,279,257,221,211,227,202,250,255,276,280,NA,NA,NA,NA,NA,NA,0.51,0.55,0.71,1.85,2.4,3.23,NA,NA,NA,NA,NA,NA
Huntsville,Alabama,51,56,65,74,81,88,91,91,85,75,64,53,32,35,42,50,59,67,70,69,62,51,42,34,4.88,4.84,5.2,4.33,5.12,4.29,4.06,3.62,3.7,3.58,4.92,5.79,NA,NA,NA,NA,NA,NA,NA,NA,NA,NA,NA,NA,NA,NA,NA,NA,NA,NA,NA,NA,NA,NA,NA,NA,1,1,1,0,0,0,0,0,0,0,0,0
Independence,Missouri,38,44,55,65,75,83,88,87,79,67,54,41,20,24,33,43,54,63,68,66,57,45,34,23,1.46,1.77,2.91,4.13,5.2,5.75,4.84,4.29,5.24,3.46,2.56,2.01,NA,NA,NA,NA,NA,NA,NA,NA,NA,NA,NA,NA,NA,NA,NA,NA,NA,NA,NA,NA,NA,NA,NA,NA,4,2,2,0,0,0,0,0,0,0,2,4
Indianapolis,Indiana,36,40,52,63,73,82,85,84,78,65,52,39,20,24,33,43,53,62,66,64,56,45,35,24,2.64,2.28,3.54,3.78,5.04,4.21,10,8,8,8,10,12,12,10,11,12,13,11,294,272,234,195,117,102,133,146,179,216,263,288,NA,NA,NA,NA,NA,NA,4.53,3.11,3.11,3.11,3.7,3.15,NA,NA,NA,NA,NA,NA
Irvine,California,65,65,67,71,73,76,82,83,81,76,69,64,47,48,49,51,56,59,62,63,61,57,51,47,2.72,3.62,2.44,0.87,0.24,0.12,NA,NA,NA,NA,NA,NA,NA,NA,NA,NA,NA,NA,NA,NA,NA,NA,NA,NA,NA,NA,NA,NA,NA,NA,NA,NA,NA,NA,NA,NA,0.04,0.04,0.24,0.67,1.14,2.28,NA,NA,NA,NA,NA,NA
Irving,Texas,56,60,68,76,84,91,96,96,88,78,67,57,35,39,47,55,64,71,75,75,67,57,46,37,2.13,2.68,3.5,3.07,4.88,3.78,NA,NA,NA,NA,NA,NA,NA,NA,NA,NA,NA,NA,NA,NA,NA,NA,NA,NA,NA,NA,NA,NA,NA,NA,NA,NA,NA,NA,NA,NA,2.17,1.93,2.56,4.21,2.72,2.56,NA,NA,NA,NA,NA,NA
Jackson,Mississippi,56,60,69,76,83,89,92,92,87,77,67,58,35,38,45,52,62,69,72,71,65,53,44,37,4.96,4.76,5.04,4.96,4.37,4.13,NA,NA,NA,NA,NA,NA,NA,NA,NA,NA,NA,NA,NA,NA,NA,NA,NA,NA,NA,NA,NA,NA,NA,NA,NA,NA,NA,NA,NA,NA,4.8,4.25,3.03,3.94,4.76,5.16,NA,NA,NA,NA,NA,NA
Jacksonville,Florida,65,69,74,80,87,90,92,92,88,81,74,67,39,43,47,53,61,68,71,71,67,59,49,43,NA,NA,NA,NA,NA,NA,NA,NA,NA,NA,NA,NA,NA,NA,NA,NA,NA,NA,NA,NA,NA,NA,NA,NA,NA,NA,NA,NA,NA,NA,NA,NA,NA,NA,NA,NA,NA,NA,NA,NA,NA,NA,NA,NA,NA,NA,NA,NA
Jersey City,New Jersey,36,40,48,58,68,77,83,81,74,63,52,42,23,24,32,42,53,62,68,66,58,47,38,28,3.7,2.95,4.09,4.06,4.49,3.46,NA,NA,NA,NA,NA,NA,NA,NA,NA,NA,NA,NA,NA,NA,NA,NA,NA,NA,NA,NA,NA,NA,NA,NA,NA,NA,NA,NA,NA,NA,4.17,4.06,4.06,3.5,4.02,3.86,NA,NA,NA,NA,NA,NA
Joliet,Illinois,31,36,47,61,71,81,84,82,76,64,49,35,17,20,29,39,49,60,64,63,55,43,33,21,1.81,1.69,2.24,3.5,4.09,3.9,NA,NA,NA,NA,NA,NA,NA,NA,NA,NA,NA,NA,NA,NA,NA,NA,NA,NA,NA,NA,NA,NA,NA,NA,NA,NA,NA,NA,NA,NA,4.33,4.17,2.99,2.83,3.07,2.2,NA,NA,NA,NA,NA,NA
Kansas City,Missouri,40,45,56,67,76,85,90,89,80,68,54,42,22,26,36,47,57,67,72,70,60,49,37,26,1.14,1.5,2.17,3.7,5.12,5.51,3.98,4.41,4.17,3.5,2.13,1.73,NA,NA,NA,NA,NA,NA,NA,NA,NA,NA,NA,NA,NA,NA,NA,NA,NA,NA,NA,NA,NA,NA,NA,NA,4,3,1,0,0,0,0,0,0,0,0,4
Killeen,Texas,58,63,70,78,84,91,95,96,89,80,68,60,34,38,45,53,62,69,72,71,65,56,44,36,1.65,2.44,2.91,2.44,4.49,3.7,NA,NA,NA,NA,NA,NA,NA,NA,NA,NA,NA,NA,NA,NA,NA,NA,NA,NA,NA,NA,NA,NA,NA,NA,NA,NA,NA,NA,NA,NA,1.34,1.85,3.15,3.23,2.91,2.72,NA,NA,NA,NA,NA,NA
Knoxville,Tennessee,47,52,61,71,78,85,88,87,81,71,60,50,30,33,40,48,57,65,69,68,62,49,41,34,4.76,3.9,5.04,3.5,4.33,4.76,NA,NA,NA,NA,NA,NA,NA,NA,NA,NA,NA,NA,NA,NA,NA,NA,NA,NA,NA,NA,NA,NA,NA,NA,NA,NA,NA,NA,NA,NA,3.98,3.39,3.03,3.03,4.09,4.37,NA,NA,NA,NA,NA,NA
Lafayette,Louisiana,62,65,72,79,86,91,92,93,89,81,72,64,43,46,52,59,67,73,75,75,70,60,51,44,5.67,4.45,3.78,3.94,4.76,7.09,NA,NA,NA,NA,NA,NA,NA,NA,NA,NA,NA,NA,NA,NA,NA,NA,NA,NA,NA,NA,NA,NA,NA,NA,NA,NA,NA,NA,NA,NA,6.3,4.61,4.72,5.24,4.33,5.59,NA,NA,NA,NA,NA,NA
Lakeland,Florida,74,76,82,86,91,94,95,94,92,87,80,75,51,52,56,60,67,72,73,74,73,66,59,53,2.44,2.72,3.39,2.05,3.82,7.01,NA,NA,NA,NA,NA,NA,NA,NA,NA,NA,NA,NA,NA,NA,NA,NA,NA,NA,NA,NA,NA,NA,NA,NA,NA,NA,NA,NA,NA,NA,7.52,7.32,6.34,2.28,2.13,2.13,NA,NA,NA,NA,NA,NA
Lake Saint Louis,Missouri,39,45,55,67,75,83,87,86,79,68,56,42,20,24,33,44,54,63,67,65,56,45,36,24,2.36,2.48,3.5,3.78,4.88,4.61,4.49,3.15,3.7,3.7,4.09,3.35,NA,NA,NA,NA,NA,NA,NA,NA,NA,NA,NA,NA,NA,NA,NA,NA,NA,NA,NA,NA,NA,NA,NA,NA,3,5,1,0,0,0,0,0,0,0,0,3
Lansing,Michigan,30,33,44,58,69,78,82,80,73,60,47,34,17,19,26,37,47,57,61,59,51,41,32,22,1.65,1.46,2.05,3.03,3.35,3.46,2.83,3.23,3.5,2.52,2.8,1.85,NA,NA,NA,NA,NA,NA,NA,NA,NA,NA,NA,NA,NA,NA,NA,NA,NA,NA,NA,NA,NA,NA,NA,NA,14,12,7,2,0,0,0,0,0,0,3,13
Laredo,Texas,67,72,80,88,94,98,99,100,93,86,76,68,46,50,57,64,71,76,77,77,73,65,55,47,0.91,0.94,1.1,1.42,2.48,2.24,NA,NA,NA,NA,NA,NA,NA,NA,NA,NA,NA,NA,NA,NA,NA,NA,NA,NA,NA,NA,NA,NA,NA,NA,NA,NA,NA,NA,NA,NA,2.01,1.89,2.91,2.2,1.18,0.87,NA,NA,NA,NA,NA,NA
Las Cruces,New Mexico,59,64,70,78,87,95,95,92,88,79,67,58,29,33,38,45,54,62,68,67,60,47,36,29,0.51,0.39,0.24,0.28,0.39,0.67,1.54,2.2,1.34,0.94,0.47,0.79,NA,NA,NA,NA,NA,NA,NA,NA,NA,NA,NA,NA,NA,NA,NA,NA,NA,NA,NA,NA,NA,NA,NA,NA,1,0,0,0,0,0,0,0,0,0,0,1
Las Vegas,Nevada,58,62,70,78,89,99,104,102,94,81,66,57,39,43,49,56,66,75,81,79,71,58,47,39,0.55,0.75,0.43,0.16,0.12,0.08,2,2,1,1,1,3,3,4,2,1,1,0,390,368,336,303,246,235,244,248,313,345,387,402,NA,NA,NA,NA,NA,NA,0.39,0.31,0.24,0.28,0.35,0.51,NA,NA,NA,NA,NA,NA
Lexington,Kentucky,41,46,55,66,74,83,86,86,79,67,55,44,25,28,36,45,54,62,66,65,58,47,37,28,3.19,3.19,4.06,3.58,5.28,4.45,4.65,3.27,2.91,3.15,3.54,3.94,NA,NA,NA,NA,NA,NA,NA,NA,NA,NA,NA,NA,NA,NA,NA,NA,NA,NA,NA,NA,NA,NA,NA,NA,4,5,1,0,0,0,0,0,0,0,0,3
Lincoln,Nebraska,35,40,52,64,74,84,89,87,79,66,50,37,14,18,28,39,51,61,66,64,53,41,28,16,0.63,0.79,1.93,2.72,4.29,4.33,3.39,3.5,3.03,1.97,1.42,0.94,NA,NA,NA,NA,NA,NA,NA,NA,NA,NA,NA,NA,NA,NA,NA,NA,NA,NA,NA,NA,NA,NA,NA,NA,5,6,5,1,0,0,0,0,0,1,2,6
Little Rock,Arkansas,51,55,64,73,81,89,92,93,86,75,63,52,32,35,43,51,61,69,73,72,65,53,42,34,3.54,3.66,4.65,5.12,4.84,3.62,8,6,7,8,8,9,8,9,9,11,11,8,351,323,271,251,176,166,180,188,244,276,325,346,NA,NA,NA,NA,NA,NA,3.27,2.6,3.15,4.88,5.28,4.96,NA,NA,NA,NA,NA,NA
Long Beach,California,67,67,69,72,74,77,82,84,82,77,72,67,46,48,51,53,58,61,65,65,63,58,51,46,2.6,3.07,1.85,0.59,0.2,0.08,NA,NA,NA,NA,NA,NA,NA,NA,NA,NA,NA,NA,NA,NA,NA,NA,NA,NA,NA,NA,NA,NA,NA,NA,NA,NA,NA,NA,NA,NA,0.04,0.04,0.2,0.63,0.98,1.97,NA,NA,NA,NA,NA,NA
Los Angeles,California,67,67,67,69,70,73,77,79,78,75,71,67,51,51,51,53,56,58,62,62,62,59,55,51,3.98,5.08,2.83,0.98,0.31,0.12,NA,NA,NA,NA,NA,NA,NA,NA,NA,NA,NA,NA,NA,NA,NA,NA,NA,NA,NA,NA,NA,NA,NA,NA,NA,NA,NA,NA,NA,NA,0.04,0.04,0.24,0.91,1.38,2.76,NA,NA,NA,NA,NA,NA
Louisville,Kentucky,43,48,58,69,77,85,89,88,82,70,58,46,27,30,38,47,57,66,70,69,60,49,40,30,3.23,3.19,4.17,4.02,5.28,3.78,4.21,3.35,3.03,3.23,3.58,3.82,NA,NA,NA,NA,NA,NA,NA,NA,NA,NA,NA,NA,NA,NA,NA,NA,NA,NA,NA,NA,NA,NA,NA,NA,4,5,1,0,0,0,0,0,0,0,0,3
Lowell,Massachusetts,33,37,46,59,70,79,84,83,74,62,51,39,14,17,24,34,44,54,60,58,50,38,30,21,3.43,2.99,4.21,4.13,3.86,4.17,3.82,3.82,3.78,4.45,4.37,3.98,NA,NA,NA,NA,NA,NA,NA,NA,NA,NA,NA,NA,NA,NA,NA,NA,NA,NA,NA,NA,NA,NA,NA,NA,16,11,9,2,0,0,0,0,0,0,2,11
Lubbock,Texas,54,59,67,75,84,91,93,91,85,75,64,54,26,30,37,46,56,64,68,67,59,48,36,27,0.67,0.75,1.1,1.42,2.28,3.03,1.93,1.93,2.52,1.93,0.87,0.75,NA,NA,NA,NA,NA,NA,NA,NA,NA,NA,NA,NA,NA,NA,NA,NA,NA,NA,NA,NA,NA,NA,NA,NA,3,2,1,0,0,0,0,0,0,0,1,2
Macon,Georgia,58,62,69,77,85,90,93,91,86,77,69,60,35,38,44,50,59,68,71,70,64,52,43,36,4.25,4.37,4.57,2.95,2.72,4.06,NA,NA,NA,NA,NA,NA,NA,NA,NA,NA,NA,NA,NA,NA,NA,NA,NA,NA,NA,NA,NA,NA,NA,NA,NA,NA,NA,NA,NA,NA,4.96,4.09,3.58,2.8,3.31,4.06,NA,NA,NA,NA,NA,NA
Madison,Wisconsin,26,31,43,57,68,78,82,79,72,59,44,30,11,15,25,36,46,56,61,59,50,39,28,16,1.22,1.46,2.2,3.39,3.54,4.53,4.17,4.25,3.15,2.4,2.4,1.73,NA,NA,NA,NA,NA,NA,NA,NA,NA,NA,NA,NA,NA,NA,NA,NA,NA,NA,NA,NA,NA,NA,NA,NA,13,11,7,3,0,0,0,0,0,1,4,14
Manchester,New Hampshire,33,37,45,57,69,77,82,80,73,61,50,38,12,16,24,36,46,56,60,59,51,39,31,20,2.72,2.72,2.99,3.62,3.82,4.09,NA,NA,NA,NA,NA,NA,NA,NA,NA,NA,NA,NA,NA,NA,NA,NA,NA,NA,NA,NA,NA,NA,NA,NA,NA,NA,NA,NA,NA,NA,3.78,3.66,3.39,4.09,3.82,3.27,NA,NA,NA,NA,NA,NA
McAllen,Texas,71,75,82,87,92,96,97,98,93,88,80,72,51,54,60,66,72,76,76,77,73,67,59,52,1.06,1.1,1.02,1.34,2.24,2.6,NA,NA,NA,NA,NA,NA,NA,NA,NA,NA,NA,NA,NA,NA,NA,NA,NA,NA,NA,NA,NA,NA,NA,NA,NA,NA,NA,NA,NA,NA,2.01,2.2,4.49,2.09,0.91,1.18,NA,NA,NA,NA,NA,NA
Mesa,Arizona,67,71,76,85,94,104,106,104,99,89,75,67,42,45,49,54,61,70,77,76,70,59,47,40,1.02,0.98,1.18,0.31,0.16,0.08,NA,NA,NA,NA,NA,NA,NA,NA,NA,NA,NA,NA,NA,NA,NA,NA,NA,NA,NA,NA,NA,NA,NA,NA,NA,NA,NA,NA,NA,NA,0.91,1.14,0.91,0.83,0.79,0.98,NA,NA,NA,NA,NA,NA
Miami,Florida,76,78,80,83,87,89,91,91,89,86,82,78,60,62,65,68,73,76,77,77,76,74,68,63,1.61,2.24,2.99,3.15,5.35,9.69,17,16,18,15,8,7,6,5,6,7,10,13,267,263,216,215,212,209,222,227,266,275,280,251,NA,NA,NA,NA,NA,NA,6.5,8.9,9.84,6.34,3.27,2.05,NA,NA,NA,NA,NA,NA
Milwaukee,Wisconsin,29,33,42,54,65,75,80,78,71,59,47,33,16,19,28,37,47,57,64,63,55,43,30,20,1.77,1.65,2.28,3.54,3.39,3.9,3.66,3.98,3.19,2.64,2.36,2.05,NA,NA,NA,NA,NA,NA,NA,NA,NA,NA,NA,NA,NA,NA,NA,NA,NA,NA,NA,NA,NA,NA,NA,NA,15,10,7,2,0,0,0,0,0,0,2,11
Minneapolis,Minnesota,24,29,41,58,69,79,83,80,72,58,41,27,8,13,24,37,49,59,64,62,52,40,26,12,0.91,0.79,1.89,2.68,3.35,4.25,4.06,4.29,3.07,2.44,1.77,1.14,8,7,11,9,11,13,10,10,9,8,8,8,140,166,200,231,272,302,343,296,237,193,115,112,12,8,10,3,0,0,0,0,0,1,9,12
Mobile,Alabama,61,64,71,78,85,89,91,91,87,79,71,63,40,43,49,55,64,70,73,73,68,58,49,42,5.67,5.12,6.14,4.8,5.16,6.1,NA,NA,NA,NA,NA,NA,NA,NA,NA,NA,NA,NA,NA,NA,NA,NA,NA,NA,NA,NA,NA,NA,NA,NA,NA,NA,NA,NA,NA,NA,7.24,6.97,5.12,3.7,5.12,5.08,NA,NA,NA,NA,NA,NA
Modesto,California,55,63,69,75,83,90,94,94,89,79,65,56,40,43,46,49,55,60,62,62,59,53,45,40,2.6,2.36,2.05,0.98,0.63,0.12,NA,NA,NA,NA,NA,NA,NA,NA,NA,NA,NA,NA,NA,NA,NA,NA,NA,NA,NA,NA,NA,NA,NA,NA,NA,NA,NA,NA,NA,NA,0.04,0.04,0.28,0.67,1.38,2.05,NA,NA,NA,NA,NA,NA
Montgomery,Alabama,57,62,70,77,84,90,92,92,87,78,69,60,36,39,45,52,61,68,71,71,65,53,44,37,4.65,5.28,5.94,4.02,3.54,4.06,NA,NA,NA,NA,NA,NA,NA,NA,NA,NA,NA,NA,NA,NA,NA,NA,NA,NA,NA,NA,NA,NA,NA,NA,NA,NA,NA,NA,NA,NA,5.24,3.98,3.98,2.91,4.61,4.84,NA,NA,NA,NA,NA,NA
Murfreesboro,Tennessee,48,53,62,71,79,87,90,90,84,73,62,51,25,28,35,44,53,62,67,65,57,45,37,29,4.33,4.29,4.84,4.09,5.47,4.76,4.8,3.62,4.02,3.35,4.57,5.28,NA,NA,NA,NA,NA,NA,NA,NA,NA,NA,NA,NA,NA,NA,NA,NA,NA,NA,NA,NA,NA,NA,NA,NA,1,1,0,0,0,0,0,0,0,0,0,0
Nashville,Tennessee,47,52,61,71,78,86,89,89,82,72,60,49,28,32,39,47,57,65,69,68,61,49,39,31,3.74,3.94,4.09,4.02,5.51,4.13,3.62,3.19,3.43,3.03,4.29,4.25,12,11,12,11,11,9,10,9,7,7,9,11,123,142,196,241,285,308,292,279,250,224,168,126,3,2,1,0,0,0,0,0,0,0,0,1
Newark,New Jersey,39,42,51,62,72,82,86,84,77,65,55,44,24,27,34,44,53,63,69,67,60,48,39,30,3.54,2.87,4.17,4.21,4.09,4.02,4.76,3.7,3.82,3.58,3.66,3.82,NA,NA,NA,NA,NA,NA,NA,NA,NA,NA,NA,NA,NA,NA,NA,NA,NA,NA,NA,NA,NA,NA,NA,NA,8,9,5,1,0,0,0,0,0,0,0,5
New Orleans,Louisiana,62,65,71,77,83,88,90,90,86,79,70,64,47,50,55,61,68,74,76,76,73,64,55,48,4.76,4.17,6.57,5.43,5.43,5.55,15,14,10,7,7,10,10,9,9,7,9,12,260,269,241,260,200,157,160,158,213,247,292,287,NA,NA,NA,NA,NA,NA,7.09,6.42,5.83,3.66,4.02,4.57,NA,NA,NA,NA,NA,NA
Newport News,Virginia,49,53,61,71,78,86,90,87,82,73,63,53,32,33,40,48,57,66,70,69,63,52,43,35,3.35,2.99,3.43,3.35,3.74,3.82,NA,NA,NA,NA,NA,NA,NA,NA,NA,NA,NA,NA,NA,NA,NA,NA,NA,NA,NA,NA,NA,NA,NA,NA,NA,NA,NA,NA,NA,NA,4.72,5.35,4.8,3.46,3.07,3.39,NA,NA,NA,NA,NA,NA
New York,New York,39,42,50,60,71,79,85,83,76,65,54,44,26,29,35,44,55,64,70,69,61,50,41,32,3.9,2.95,4.06,3.94,4.45,3.5,11,10,8,8,9,10,11,10,12,11,11,10,302,271,235,213,169,155,154,171,213,237,268,289,NA,NA,NA,NA,NA,NA,4.53,4.13,3.98,3.39,3.82,3.58,NA,NA,NA,NA,NA,NA
Norfolk,Virginia,48,51,58,68,75,83,87,85,79,70,61,52,33,34,40,49,58,67,72,71,65,54,45,36,3.39,3.11,3.66,3.43,3.43,4.25,5.16,5.51,4.76,3.43,3.15,3.27,NA,NA,NA,NA,NA,NA,NA,NA,NA,NA,NA,NA,NA,NA,NA,NA,NA,NA,NA,NA,NA,NA,NA,NA,2,2,0,0,0,0,0,0,0,0,0,1
North Las Vegas,Nevada,60,64,72,79,90,100,105,103,96,83,69,58,37,40,47,53,64,71,78,76,68,56,44,36,0.55,0.79,0.55,0.12,0.12,0.08,NA,NA,NA,NA,NA,NA,NA,NA,NA,NA,NA,NA,NA,NA,NA,NA,NA,NA,NA,NA,NA,NA,NA,NA,NA,NA,NA,NA,NA,NA,0.43,0.31,0.24,0.63,0.35,0.59,NA,NA,NA,NA,NA,NA
Oakland,California,58,62,64,66,69,71,72,73,74,72,65,58,44,47,49,50,53,55,56,58,57,54,49,45,4.72,4.49,3.39,1.42,0.79,0.12,NA,NA,NA,NA,NA,NA,NA,NA,NA,NA,NA,NA,NA,NA,NA,NA,NA,NA,NA,NA,NA,NA,NA,NA,NA,NA,NA,NA,NA,NA,0,0.08,0.24,1.38,2.87,4.49,NA,NA,NA,NA,NA,NA
Oceanside,California,63,62,62,63,65,67,70,71,71,69,66,63,45,46,49,52,56,60,63,64,62,56,49,45,2.01,2.28,1.5,0.94,0.12,0.12,NA,NA,NA,NA,NA,NA,NA,NA,NA,NA,NA,NA,NA,NA,NA,NA,NA,NA,NA,NA,NA,NA,NA,NA,NA,NA,NA,NA,NA,NA,0,0.04,0.24,0.63,0.83,1.57,NA,NA,NA,NA,NA,NA
Odessa,Texas,58,63,71,79,88,93,95,94,87,78,67,58,33,36,44,51,61,69,72,71,64,52,40,32,0.59,0.71,0.63,0.75,2.17,1.61,NA,NA,NA,NA,NA,NA,NA,NA,NA,NA,NA,NA,NA,NA,NA,NA,NA,NA,NA,NA,NA,NA,NA,NA,NA,NA,NA,NA,NA,NA,1.77,1.69,1.85,1.54,0.71,0.63,NA,NA,NA,NA,NA,NA
Oklahoma City,Oklahoma,50,55,63,72,80,88,94,93,85,73,62,51,29,33,41,50,60,68,72,71,63,52,40,31,1.38,1.57,3.07,3.07,4.65,4.92,2.91,3.27,4.06,3.7,1.97,1.89,NA,NA,NA,NA,NA,NA,NA,NA,NA,NA,NA,NA,NA,NA,NA,NA,NA,NA,NA,NA,NA,NA,NA,NA,3,2,1,0,0,0,0,0,0,0,0,2
Olathe,Kansas,38,45,56,67,76,84,89,88,80,69,54,42,20,25,35,45,55,64,69,67,58,47,35,24,1.26,1.26,2.76,3.78,5.39,5.24,NA,NA,NA,NA,NA,NA,NA,NA,NA,NA,NA,NA,NA,NA,NA,NA,NA,NA,NA,NA,NA,NA,NA,NA,NA,NA,NA,NA,NA,NA,4.02,3.54,4.69,3.46,2.95,1.77,NA,NA,NA,NA,NA,NA
Omaha,Nebraska,33,38,51,64,74,83,87,85,78,65,49,35,14,18,28,40,51,61,66,64,54,42,29,17,0.71,0.87,2.01,2.95,4.76,4.17,3.82,3.82,2.68,2.17,1.65,1.02,NA,NA,NA,NA,NA,NA,NA,NA,NA,NA,NA,NA,NA,NA,NA,NA,NA,NA,NA,NA,NA,NA,NA,NA,6,6,4,1,0,0,0,0,0,0,3,6
Ontario,California,65,66,70,74,79,85,92,94,89,81,73,66,44,45,47,51,56,59,63,65,63,55,47,43,3.31,3.39,2.32,0.94,0.31,0.12,NA,NA,NA,NA,NA,NA,NA,NA,NA,NA,NA,NA,NA,NA,NA,NA,NA,NA,NA,NA,NA,NA,NA,NA,NA,NA,NA,NA,NA,NA,0.08,0.12,0.28,0.63,1.22,2.32,NA,NA,NA,NA,NA,NA
Orlando,Florida,71,73,77,82,88,91,92,92,89,84,78,72,50,53,57,62,68,73,76,76,74,68,60,54,2.76,2.83,3.78,2.48,3.31,8.74,NA,NA,NA,NA,NA,NA,NA,NA,NA,NA,NA,NA,NA,NA,NA,NA,NA,NA,NA,NA,NA,NA,NA,NA,NA,NA,NA,NA,NA,NA,7.09,7.83,6.02,3.31,2.4,2.64,NA,NA,NA,NA,NA,NA
Oxnard,California,66,66,65,67,68,70,73,74,74,73,70,66,46,47,48,50,53,56,59,60,59,55,49,45,3.43,3.9,3.03,0.71,0.2,0.04,NA,NA,NA,NA,NA,NA,NA,NA,NA,NA,NA,NA,NA,NA,NA,NA,NA,NA,NA,NA,NA,NA,NA,NA,NA,NA,NA,NA,NA,NA,0.04,0.08,0.35,0.35,1.38,2.13,NA,NA,NA,NA,NA,NA
Palmdale,California,60,63,69,76,84,92,98,98,92,81,68,58,34,37,41,45,53,60,66,65,59,49,40,34,1.42,1.85,1.1,0.39,0.12,0.04,NA,NA,NA,NA,NA,NA,NA,NA,NA,NA,NA,NA,NA,NA,NA,NA,NA,NA,NA,NA,NA,NA,NA,NA,NA,NA,NA,NA,NA,NA,0.08,0.08,0.16,0.47,0.47,1.22,NA,NA,NA,NA,NA,NA
Pasadena,California,68,70,72,76,79,84,89,91,89,82,74,67,48,49,50,53,57,60,64,65,63,58,51,47,4.53,5.12,3.39,1.38,0.39,0.24,NA,NA,NA,NA,NA,NA,NA,NA,NA,NA,NA,NA,NA,NA,NA,NA,NA,NA,NA,NA,NA,NA,NA,NA,NA,NA,NA,NA,NA,NA,0.04,0.12,0.39,1.02,1.5,3.15,NA,NA,NA,NA,NA,NA
Pearland,Texas,62,66,72,78,85,90,92,92,88,81,72,64,44,48,53,60,68,74,74,74,70,62,53,46,4.21,3.19,3.03,3.5,4.53,5.55,NA,NA,NA,NA,NA,NA,NA,NA,NA,NA,NA,NA,NA,NA,NA,NA,NA,NA,NA,NA,NA,NA,NA,NA,NA,NA,NA,NA,NA,NA,4.72,4.33,5.28,5.47,4.76,4.09,NA,NA,NA,NA,NA,NA
Peoria,Illinois,33,38,50,63,73,82,86,84,77,65,50,36,17,21,31,42,52,61,65,64,55,44,33,21,1.77,1.77,2.8,3.62,4.33,3.54,3.86,3.23,3.15,2.83,3.15,2.4,NA,NA,NA,NA,NA,NA,NA,NA,NA,NA,NA,NA,NA,NA,NA,NA,NA,NA,NA,NA,NA,NA,NA,NA,7,6,3,1,0,0,0,0,0,0,1,7
Phoenix,Arizona,67,71,77,85,95,104,106,104,100,89,76,66,46,49,53,60,69,78,83,83,77,65,53,45,0.91,0.91,0.98,0.28,0.12,0.04,4,5,3,3,2,4,4,4,3,2,1,1,377,351,334,307,267,236,248,244,314,346,404,404,NA,NA,NA,NA,NA,NA,1.06,0.98,0.63,0.59,0.67,0.87,NA,NA,NA,NA,NA,NA
Pomona,California,68,69,69,74,77,82,89,89,87,80,73,68,42,44,45,47,51,55,59,59,58,53,45,41,4.02,4.06,3.46,0.75,0.24,0.04,NA,NA,NA,NA,NA,NA,NA,NA,NA,NA,NA,NA,NA,NA,NA,NA,NA,NA,NA,NA,NA,NA,NA,NA,NA,NA,NA,NA,NA,NA,0,0.12,0.28,0.67,1.3,2.05,NA,NA,NA,NA,NA,NA
Pompano Beach,Florida,76,77,80,83,87,90,92,92,91,87,82,78,58,58,62,66,71,74,75,75,74,71,66,61,2.8,2.76,2.99,3.39,5.75,7.32,NA,NA,NA,NA,NA,NA,NA,NA,NA,NA,NA,NA,NA,NA,NA,NA,NA,NA,NA,NA,NA,NA,NA,NA,NA,NA,NA,NA,NA,NA,5.94,6.93,7.01,5.75,4.25,2.44,NA,NA,NA,NA,NA,NA
Portland,Oregon,47,51,57,61,68,74,81,81,76,64,53,46,36,36,40,43,49,54,58,58,53,46,40,35,4.88,3.66,3.66,2.72,2.48,1.69,0.67,0.67,1.46,2.99,5.63,5.47,NA,NA,NA,NA,NA,NA,NA,NA,NA,NA,NA,NA,NA,NA,NA,NA,NA,NA,NA,NA,NA,NA,NA,NA,1,2,0,0,0,0,0,0,0,0,0,1
Provo,Utah,40,46,56,65,75,85,94,92,82,67,52,40,22,26,33,39,47,54,61,60,51,40,31,24,1.89,1.85,1.93,2.01,2.09,1.18,0.75,0.98,1.46,2.01,1.69,1.93,NA,NA,NA,NA,NA,NA,NA,NA,NA,NA,NA,NA,NA,NA,NA,NA,NA,NA,NA,NA,NA,NA,NA,NA,14,11,7,4,0,0,0,0,0,1,7,14
Pueblo,Colorado,48,50,59,67,77,87,93,90,82,70,57,47,18,20,29,36,46,56,62,60,51,38,27,19,0.35,0.31,0.91,1.46,1.65,1.38,2.01,2.4,0.87,0.75,0.55,0.35,NA,NA,NA,NA,NA,NA,NA,NA,NA,NA,NA,NA,NA,NA,NA,NA,NA,NA,NA,NA,NA,NA,NA,NA,4,3,3,1,0,0,0,0,0,1,3,4
Raleigh,North Carolina,51,56,64,73,79,86,89,87,82,72,63,54,32,34,41,48,57,65,69,68,62,50,42,35,4.45,3.58,4.45,2.99,3.94,4.06,NA,NA,NA,NA,NA,NA,NA,NA,NA,NA,NA,NA,NA,NA,NA,NA,NA,NA,NA,NA,NA,NA,NA,NA,NA,NA,NA,NA,NA,NA,4.49,4.21,4.41,3.58,3.19,3.23,NA,NA,NA,NA,NA,NA
Renton,Washington,48,51,55,59,65,71,76,77,71,60,52,46,37,37,40,43,48,53,57,57,52,45,40,35,5.71,4.33,3.94,3.07,2.13,1.57,NA,NA,NA,NA,NA,NA,NA,NA,NA,NA,NA,NA,NA,NA,NA,NA,NA,NA,NA,NA,NA,NA,NA,NA,NA,NA,NA,NA,NA,NA,0.94,0.91,1.69,3.86,6.46,5.39,NA,NA,NA,NA,NA,NA
Richardson,Texas,56,59,67,75,83,89,94,95,88,78,66,57,34,38,45,54,64,70,74,74,66,55,45,36,2.6,3.03,3.74,3.46,5.47,4.25,NA,NA,NA,NA,NA,NA,NA,NA,NA,NA,NA,NA,NA,NA,NA,NA,NA,NA,NA,NA,NA,NA,NA,NA,NA,NA,NA,NA,NA,NA,2.56,2.17,3.15,4.8,3.27,2.99,NA,NA,NA,NA,NA,NA
Richmond,California,57,61,64,67,69,71,71,72,74,72,64,58,43,46,47,49,52,55,56,56,56,54,48,44,4.84,4.8,3.39,1.46,0.75,0.2,NA,NA,NA,NA,NA,NA,NA,NA,NA,NA,NA,NA,NA,NA,NA,NA,NA,NA,NA,NA,NA,NA,NA,NA,NA,NA,NA,NA,NA,NA,0,0.08,0.16,1.46,3.23,4.61,NA,NA,NA,NA,NA,NA
Richmond,Virginia,47,51,60,70,78,86,90,88,81,71,61,51,28,31,37,46,55,65,69,67,60,48,39,31,3.03,2.76,4.06,3.27,3.78,3.94,4.53,4.65,4.13,2.99,3.23,3.27,10,9,11,10,11,9,12,10,8,8,9,9,144,166,211,248,280,296,286,263,230,211,176,152,4,3,1,0,0,0,0,0,0,0,0,2
Riverside,California,68,68,71,76,80,87,94,95,91,83,74,67,43,44,46,49,54,57,62,62,59,53,46,42,2.32,2.4,1.69,0.67,0.2,0.08,NA,NA,NA,NA,NA,NA,NA,NA,NA,NA,NA,NA,NA,NA,NA,NA,NA,NA,NA,NA,NA,NA,NA,NA,NA,NA,NA,NA,NA,NA,0.04,0.08,0.16,0.47,0.83,1.38,NA,NA,NA,NA,NA,NA
Rochester,Minnesota,24,28,40,57,69,78,81,79,71,58,42,27,8,12,24,36,47,57,61,59,50,38,26,12,0.87,0.83,1.89,3.23,3.62,4.69,4.57,4.53,3.46,2.24,1.93,1.22,NA,NA,NA,NA,NA,NA,NA,NA,NA,NA,NA,NA,NA,NA,NA,NA,NA,NA,NA,NA,NA,NA,NA,NA,12,9,9,3,0,0,0,0,0,1,6,13
Rochester,New York,32,34,43,56,68,77,81,79,72,60,48,37,18,19,26,37,46,56,61,60,52,42,33,24,2.4,1.97,2.52,2.72,2.87,3.35,3.35,3.46,3.39,2.72,2.95,2.64,NA,NA,NA,NA,NA,NA,NA,NA,NA,NA,NA,NA,NA,NA,NA,NA,NA,NA,NA,NA,NA,NA,NA,NA,28,22,16,4,0,0,0,0,0,0,7,22
Rockford,Illinois,29,34,47,61,72,81,85,82,75,63,48,33,13,18,28,38,48,58,63,61,52,41,30,18,1.38,1.42,2.32,3.35,4.02,4.65,3.94,4.61,3.35,2.68,2.6,1.97,NA,NA,NA,NA,NA,NA,NA,NA,NA,NA,NA,NA,NA,NA,NA,NA,NA,NA,NA,NA,NA,NA,NA,NA,10,8,5,1,0,0,0,0,0,0,2,11
Saint Paul,Minnesota,26,31,43,58,71,80,85,82,73,59,42,29,7,12,24,38,50,59,64,62,53,41,27,13,0.79,0.67,1.54,2.87,3.7,4.21,NA,NA,NA,NA,NA,NA,NA,NA,NA,NA,NA,NA,NA,NA,NA,NA,NA,NA,NA,NA,NA,NA,NA,NA,NA,NA,NA,NA,NA,NA,4.41,4.76,3.27,2.91,1.81,1.1,NA,NA,NA,NA,NA,NA
Salem,Oregon,48,52,56,61,68,74,82,82,77,64,53,46,35,35,37,40,45,49,53,53,48,42,38,34,5.94,4.57,3.98,2.8,2.2,1.54,0.47,0.43,1.3,3.03,6.5,6.85,NA,NA,NA,NA,NA,NA,NA,NA,NA,NA,NA,NA,NA,NA,NA,NA,NA,NA,NA,NA,NA,NA,NA,NA,1,3,0,0,0,0,0,0,0,0,0,2
Salinas,California,62,64,65,67,68,70,71,73,74,73,67,62,40,42,43,45,48,51,53,54,52,48,43,40,3.07,2.99,2.76,1.02,0.43,0.08,NA,NA,NA,NA,NA,NA,NA,NA,NA,NA,NA,NA,NA,NA,NA,NA,NA,NA,NA,NA,NA,NA,NA,NA,NA,NA,NA,NA,NA,NA,0.04,0.04,0.2,0.63,1.77,2.44,NA,NA,NA,NA,NA,NA
Salt Lake City,Utah,38,44,53,61,71,82,90,89,78,65,50,40,26,31,38,43,52,61,69,67,58,46,36,27,1.46,1.5,2.2,2.32,2.09,1.14,0.59,0.71,1.54,1.65,1.77,1.61,10,9,10,9,8,5,4,6,5,6,7,9,137,155,227,269,329,358,377,346,306,249,171,135,11,10,6,3,0,0,0,0,0,0,7,10
San Angelo,Texas,60,64,71,80,87,92,95,95,88,79,68,60,33,37,44,52,62,69,71,71,64,54,42,34,0.94,1.34,1.5,1.42,2.83,2.6,1.18,2.24,2.44,2.72,1.14,0.87,NA,NA,NA,NA,NA,NA,NA,NA,NA,NA,NA,NA,NA,NA,NA,NA,NA,NA,NA,NA,NA,NA,NA,NA,1,0,0,0,0,0,0,0,0,0,0,0
San Antonio,New Mexico,56,62,69,77,87,95,96,93,88,78,67,56,20,24,30,37,46,54,60,59,51,38,27,20,0.35,0.47,0.39,0.24,0.51,0.51,1.46,2.09,1.14,1.26,0.55,0.87,NA,NA,NA,NA,NA,NA,NA,NA,NA,NA,NA,NA,NA,NA,NA,NA,NA,NA,NA,NA,NA,NA,NA,NA,1,1,0,0,0,0,0,0,0,0,0,3
San Bernardino,California,67,69,71,77,81,89,96,96,91,83,73,68,42,44,45,49,54,58,63,64,61,54,45,41,3.5,3.7,3.27,0.94,0.39,0.08,NA,NA,NA,NA,NA,NA,NA,NA,NA,NA,NA,NA,NA,NA,NA,NA,NA,NA,NA,NA,NA,NA,NA,NA,NA,NA,NA,NA,NA,NA,0.04,0.24,0.39,0.71,1.18,1.93,NA,NA,NA,NA,NA,NA
San Francisco,California,57,60,62,63,64,66,67,68,70,69,63,57,46,47,49,49,51,53,54,55,55,54,50,46,4.49,4.45,3.27,1.46,0.71,0.16,1,1,1,4,7,10,11,11,10,6,4,2,300,272,267,243,189,156,165,182,251,281,314,330,NA,NA,NA,NA,NA,NA,0,0.08,0.2,1.1,3.15,4.57,NA,NA,NA,NA,NA,NA
San Jose,California,60,64,67,70,75,81,84,84,82,76,67,61,42,45,47,49,53,56,58,58,57,53,46,42,2.99,3.31,2.05,1.06,0.39,0.08,NA,NA,NA,NA,NA,NA,NA,NA,NA,NA,NA,NA,NA,NA,NA,NA,NA,NA,NA,NA,NA,NA,NA,NA,NA,NA,NA,NA,NA,NA,0.08,0.08,0.24,0.79,1.89,2.13,NA,NA,NA,NA,NA,NA
Santa Ana,California,70,70,72,74,76,78,83,85,84,80,74,69,47,48,50,53,57,60,63,64,62,58,51,46,2.83,3.39,2.13,0.87,0.2,0.08,NA,NA,NA,NA,NA,NA,NA,NA,NA,NA,NA,NA,NA,NA,NA,NA,NA,NA,NA,NA,NA,NA,NA,NA,NA,NA,NA,NA,NA,NA,0.04,0.04,0.2,0.59,1.14,2.09,NA,NA,NA,NA,NA,NA
Santa Maria,California,63,64,65,67,69,70,73,73,74,73,69,63,40,42,43,44,47,51,54,54,53,49,43,39,2.76,2.99,2.64,0.98,0.31,0.04,NA,NA,NA,NA,NA,NA,NA,NA,NA,NA,NA,NA,NA,NA,NA,NA,NA,NA,NA,NA,NA,NA,NA,NA,NA,NA,NA,NA,NA,NA,0.04,0.04,0.16,0.59,1.34,2.13,NA,NA,NA,NA,NA,NA
Santa Rosa,California,58,62,65,70,74,80,82,82,82,77,65,58,40,42,44,46,49,52,53,53,53,49,43,39,6.26,6.06,4.72,1.65,0.83,0.2,NA,NA,NA,NA,NA,NA,NA,NA,NA,NA,NA,NA,NA,NA,NA,NA,NA,NA,NA,NA,NA,NA,NA,NA,NA,NA,NA,NA,NA,NA,0.08,0.12,0.47,1.81,4.29,4.49,NA,NA,NA,NA,NA,NA
Savannah,Georgia,60,64,71,78,85,90,92,91,86,78,71,62,39,42,48,54,62,70,73,72,68,58,48,41,3.7,2.8,3.74,3.07,2.99,5.94,NA,NA,NA,NA,NA,NA,NA,NA,NA,NA,NA,NA,NA,NA,NA,NA,NA,NA,NA,NA,NA,NA,NA,NA,NA,NA,NA,NA,NA,NA,5.59,6.57,4.57,3.7,2.36,2.95,NA,NA,NA,NA,NA,NA
Scottsdale,Arizona,66,69,75,83,92,101,104,102,98,87,74,65,43,46,50,57,66,75,81,80,74,62,49,42,1.26,1.22,1.22,0.43,0.2,0.08,NA,NA,NA,NA,NA,NA,NA,NA,NA,NA,NA,NA,NA,NA,NA,NA,NA,NA,NA,NA,NA,NA,NA,NA,NA,NA,NA,NA,NA,NA,1.02,1.18,0.91,0.79,0.87,1.14,NA,NA,NA,NA,NA,NA
Seattle,Washington,45,48,52,58,64,69,72,73,67,59,51,47,36,37,39,43,47,52,54,55,52,47,41,38,5.2,3.9,3.31,1.97,1.57,1.42,5,6,8,14,17,19,19,15,16,13,11,9,304,248,197,122,77,62,74,99,154,201,247,234,NA,NA,NA,NA,NA,NA,0.63,0.75,1.65,3.27,5,5.43,NA,NA,NA,NA,NA,NA
Shreveport,Louisiana,57,62,69,77,84,90,93,94,88,78,67,58,36,40,46,54,63,69,73,72,66,55,45,38,4.21,4.76,4.13,4.17,4.92,5.39,NA,NA,NA,NA,NA,NA,NA,NA,NA,NA,NA,NA,NA,NA,NA,NA,NA,NA,NA,NA,NA,NA,NA,NA,NA,NA,NA,NA,NA,NA,3.66,2.72,3.15,4.96,4.53,4.76,NA,NA,NA,NA,NA,NA
Sioux Falls,South Dakota,26,31,43,58,70,79,84,82,73,60,42,29,7,12,23,34,46,56,62,60,49,36,23,10,0.55,0.59,1.77,2.99,3.39,3.94,3.07,3.03,2.76,2.17,1.38,0.71,NA,NA,NA,NA,NA,NA,NA,NA,NA,NA,NA,NA,NA,NA,NA,NA,NA,NA,NA,NA,NA,NA,NA,NA,8,7,8,5,0,0,0,0,0,1,7,8
South Bend,Indiana,31,35,47,60,70,79,83,81,74,62,48,35,18,20,28,39,49,59,63,62,54,43,33,22,2.28,1.97,2.4,3.23,3.82,3.78,4.02,3.78,3.54,3.31,3.27,2.6,NA,NA,NA,NA,NA,NA,NA,NA,NA,NA,NA,NA,NA,NA,NA,NA,NA,NA,NA,NA,NA,NA,NA,NA,21,15,7,1,0,0,0,0,0,0,5,17
Sparks,Nevada,47,53,59,65,74,83,91,90,83,71,56,47,23,26,31,35,42,48,53,51,44,35,28,23,1.1,0.94,0.87,0.59,0.63,0.47,0.28,0.31,0.39,0.63,0.91,1.14,NA,NA,NA,NA,NA,NA,NA,NA,NA,NA,NA,NA,NA,NA,NA,NA,NA,NA,NA,NA,NA,NA,NA,NA,1,1,1,0,0,0,0,0,0,0,1,2
Spokane,Washington,34,40,49,57,66,74,83,83,73,58,42,32,25,26,32,37,44,50,56,56,47,37,30,22,1.77,1.34,1.61,1.3,1.61,1.26,0.63,0.59,0.67,1.18,2.28,2.28,NA,NA,NA,NA,NA,NA,NA,NA,NA,NA,NA,NA,NA,NA,NA,NA,NA,NA,NA,NA,NA,NA,NA,NA,11,7,4,1,0,0,0,0,0,0,7,15
Springfield,Illinois,35,40,52,65,75,83,86,85,79,66,52,38,19,23,32,42,53,62,65,64,55,44,34,22,1.81,1.81,2.64,3.5,4.25,4.45,3.94,3.23,2.91,3.15,3.23,2.52,NA,NA,NA,NA,NA,NA,NA,NA,NA,NA,NA,NA,NA,NA,NA,NA,NA,NA,NA,NA,NA,NA,NA,NA,6,6,3,0,0,0,0,0,0,0,1,6
Stamford,Connecticut,39,42,51,63,73,81,86,84,76,65,54,43,20,22,29,39,48,57,62,61,54,42,34,25,4.06,3.39,4.72,4.76,4.69,4.61,4.09,4.17,4.88,4.8,4.53,4.45,NA,NA,NA,NA,NA,NA,NA,NA,NA,NA,NA,NA,NA,NA,NA,NA,NA,NA,NA,NA,NA,NA,NA,NA,10,9,5,1,0,0,0,0,0,0,1,6
Stockton,California,56,63,68,74,82,89,92,93,89,80,66,56,38,41,44,47,53,57,57,58,56,49,42,37,3.43,3.11,2.68,1.42,0.55,0.12,NA,NA,NA,NA,NA,NA,NA,NA,NA,NA,NA,NA,NA,NA,NA,NA,NA,NA,NA,NA,NA,NA,NA,NA,NA,NA,NA,NA,NA,NA,0.04,0.04,0.28,0.98,2.17,3.03,NA,NA,NA,NA,NA,NA
Syracuse,New York,32,35,42,57,69,78,82,80,73,60,49,37,17,18,26,37,47,58,63,61,54,43,34,23,3.15,3.54,3.27,3.23,3.23,4.06,NA,NA,NA,NA,NA,NA,NA,NA,NA,NA,NA,NA,NA,NA,NA,NA,NA,NA,NA,NA,NA,NA,NA,NA,NA,NA,NA,NA,NA,NA,3.15,3.46,3.98,3.19,3.54,3.74,NA,NA,NA,NA,NA,NA
Tacoma,Washington,48,51,56,60,66,71,77,77,71,61,53,47,37,37,40,43,48,53,56,56,52,46,40,36,5.94,3.86,4.06,2.99,2.13,1.57,NA,NA,NA,NA,NA,NA,NA,NA,NA,NA,NA,NA,NA,NA,NA,NA,NA,NA,NA,NA,NA,NA,NA,NA,NA,NA,NA,NA,NA,NA,0.67,0.83,1.3,3.7,6.69,5.51,NA,NA,NA,NA,NA,NA
Tallahassee,Florida,64,67,74,80,87,91,92,92,88,81,73,65,39,42,47,52,62,69,72,72,68,57,47,41,4.33,4.84,5.94,3.07,3.46,7.72,NA,NA,NA,NA,NA,NA,NA,NA,NA,NA,NA,NA,NA,NA,NA,NA,NA,NA,NA,NA,NA,NA,NA,NA,NA,NA,NA,NA,NA,NA,7.17,7.36,4.69,3.23,3.5,3.9,NA,NA,NA,NA,NA,NA
Temecula,California,67,68,69,71,76,81,86,90,88,81,74,67,47,47,48,50,53,56,60,61,61,57,51,44,NA,NA,NA,NA,NA,NA,NA,NA,NA,NA,NA,NA,NA,NA,NA,NA,NA,NA,NA,NA,NA,NA,NA,NA,NA,NA,NA,NA,NA,NA,NA,NA,NA,NA,NA,NA,NA,NA,NA,NA,NA,NA,NA,NA,NA,NA,NA,NA
Tempe,Arizona,69,73,78,86,95,103,105,103,100,89,78,68,39,42,46,52,60,68,75,75,68,56,45,38,1.06,1.14,1.1,0.28,0.16,0.04,NA,NA,NA,NA,NA,NA,NA,NA,NA,NA,NA,NA,NA,NA,NA,NA,NA,NA,NA,NA,NA,NA,NA,NA,NA,NA,NA,NA,NA,NA,1.06,1.38,0.67,0.63,0.71,1.1,NA,NA,NA,NA,NA,NA
Thousand Oaks,California,65,65,69,71,75,80,85,85,83,77,71,65,46,44,47,48,51,56,59,58,58,53,48,44,3.9,4.21,2.44,0.83,0.35,0.08,NA,NA,NA,NA,NA,NA,NA,NA,NA,NA,NA,NA,NA,NA,NA,NA,NA,NA,NA,NA,NA,NA,NA,NA,NA,NA,NA,NA,NA,NA,0.04,0.08,0.2,0.75,1.38,2.36,NA,NA,NA,NA,NA,NA
Toledo,Ohio,33,38,48,61,74,83,87,84,77,64,51,38,22,24,33,42,53,63,68,66,59,48,38,27,2.01,2.01,2.64,3.31,2.99,3.86,NA,NA,NA,NA,NA,NA,NA,NA,NA,NA,NA,NA,NA,NA,NA,NA,NA,NA,NA,NA,NA,NA,NA,NA,NA,NA,NA,NA,NA,NA,3.11,2.95,2.6,2.44,2.99,2.64,NA,NA,NA,NA,NA,NA
Topeka,Kansas,40,45,56,67,76,85,89,89,80,68,55,42,20,24,33,44,54,64,68,66,56,45,33,22,0.87,1.34,2.48,3.54,4.92,5.39,3.82,4.25,3.66,3.03,1.85,1.34,NA,NA,NA,NA,NA,NA,NA,NA,NA,NA,NA,NA,NA,NA,NA,NA,NA,NA,NA,NA,NA,NA,NA,NA,5,5,2,0,0,0,0,0,0,0,1,5
Torrance,California,66,66,67,70,71,74,77,78,78,75,70,65,46,48,49,51,55,58,61,62,61,56,50,46,3.27,3.78,2.2,0.75,0.24,0.08,NA,NA,NA,NA,NA,NA,NA,NA,NA,NA,NA,NA,NA,NA,NA,NA,NA,NA,NA,NA,NA,NA,NA,NA,NA,NA,NA,NA,NA,NA,0.04,0.04,0.16,0.63,1.18,2.09,NA,NA,NA,NA,NA,NA
Tulsa,Oklahoma,48,53,62,72,79,87,93,93,84,73,61,49,28,31,40,49,59,68,73,71,62,51,40,30,1.65,1.85,3.31,3.78,5.87,4.72,3.35,2.91,4.25,3.94,2.8,2.48,NA,NA,NA,NA,NA,NA,NA,NA,NA,NA,NA,NA,NA,NA,NA,NA,NA,NA,NA,NA,NA,NA,NA,NA,3,2,2,0,0,0,0,0,0,0,1,2
Tuscaloosa,Alabama,56,61,70,77,84,90,93,93,88,78,68,58,35,38,45,52,61,69,72,72,65,53,44,37,5.35,5.59,4.84,4.33,4.13,4.49,NA,NA,NA,NA,NA,NA,NA,NA,NA,NA,NA,NA,NA,NA,NA,NA,NA,NA,NA,NA,NA,NA,NA,NA,NA,NA,NA,NA,NA,NA,5.12,3.78,3.54,3.82,5.2,4.72,NA,NA,NA,NA,NA,NA
Tyler,Texas,58,63,71,78,84,89,93,94,88,78,68,58,36,40,47,53,62,68,71,71,64,55,46,38,3.43,4.13,4.17,3.11,4.41,5.16,2.76,2.68,3.03,4.92,4.37,4.49,NA,NA,NA,NA,NA,NA,NA,NA,NA,NA,NA,NA,NA,NA,NA,NA,NA,NA,NA,NA,NA,NA,NA,NA,0,1,0,0,0,0,0,0,0,0,0,0
Vancouver,Washington,47,51,56,60,67,72,78,79,74,63,52,46,33,33,37,40,45,50,53,53,48,41,37,32,5.91,4.33,4.21,3.19,2.72,1.93,0.71,0.75,1.61,3.39,6.5,6.42,NA,NA,NA,NA,NA,NA,NA,NA,NA,NA,NA,NA,NA,NA,NA,NA,NA,NA,NA,NA,NA,NA,NA,NA,1,1,0,0,0,0,0,0,0,0,0,0
Victorville,California,60,63,69,75,85,94,100,99,93,81,69,59,31,35,39,43,50,56,62,62,56,46,37,31,1.1,1.22,0.87,0.35,0.16,0.04,NA,NA,NA,NA,NA,NA,NA,NA,NA,NA,NA,NA,NA,NA,NA,NA,NA,NA,NA,NA,NA,NA,NA,NA,NA,NA,NA,NA,NA,NA,0.2,0.2,0.2,0.35,0.47,1.02,NA,NA,NA,NA,NA,NA
Virginia Beach,Virginia,49,53,59,67,75,84,87,86,81,71,62,53,34,35,40,48,57,67,72,71,66,56,45,37,NA,NA,NA,NA,NA,NA,NA,NA,NA,NA,NA,NA,NA,NA,NA,NA,NA,NA,NA,NA,NA,NA,NA,NA,NA,NA,NA,NA,NA,NA,NA,NA,NA,NA,NA,NA,NA,NA,NA,NA,NA,NA,NA,NA,NA,NA,NA,NA
Waco,Texas,59,62,69,77,84,91,95,96,90,80,69,60,35,39,46,54,64,71,74,74,67,56,46,37,2.24,2.87,3.5,2.56,4.57,3.62,NA,NA,NA,NA,NA,NA,NA,NA,NA,NA,NA,NA,NA,NA,NA,NA,NA,NA,NA,NA,NA,NA,NA,NA,NA,NA,NA,NA,NA,NA,1.93,2.13,3.19,3.94,3.03,2.8,NA,NA,NA,NA,NA,NA
West Palm Beach,Florida,75,76,79,82,86,88,90,90,88,85,80,76,57,59,62,66,71,74,76,76,75,72,65,60,3.15,2.83,4.61,3.66,4.53,8.31,NA,NA,NA,NA,NA,NA,NA,NA,NA,NA,NA,NA,NA,NA,NA,NA,NA,NA,NA,NA,NA,NA,NA,NA,NA,NA,NA,NA,NA,NA,5.75,7.95,8.35,5.12,4.76,3.39,NA,NA,NA,NA,NA,NA
Wichita,Kansas,42,48,58,68,76,86,91,91,82,70,56,43,22,26,35,45,54,64,69,68,59,47,34,25,0.28,1.34,2.8,2.95,4.92,5.43,NA,NA,NA,NA,NA,NA,NA,NA,NA,NA,NA,NA,NA,NA,NA,NA,NA,NA,NA,NA,NA,NA,NA,NA,NA,NA,NA,NA,NA,NA,3.5,3.82,3.15,2.99,1.97,1.18,NA,NA,NA,NA,NA,NA
Wilmington,North Carolina,56,60,66,74,81,87,90,88,84,76,68,59,36,38,44,52,60,69,73,71,66,55,45,38,3.78,3.62,4.21,2.83,4.49,5.2,7.48,7.4,7.83,3.9,3.31,3.62,NA,NA,NA,NA,NA,NA,NA,NA,NA,NA,NA,NA,NA,NA,NA,NA,NA,NA,NA,NA,NA,NA,NA,NA,0,0,0,0,0,0,0,0,0,0,0,1
Winston-Salem,North Carolina,49,53,61,71,78,85,89,86,80,71,62,51,30,33,40,48,56,65,69,68,61,50,40,33,3.62,3.19,4.06,3.7,3.86,4.21,NA,NA,NA,NA,NA,NA,NA,NA,NA,NA,NA,NA,NA,NA,NA,NA,NA,NA,NA,NA,NA,NA,NA,NA,NA,NA,NA,NA,NA,NA,5,4.88,4.17,3.43,3.35,3.46,NA,NA,NA,NA,NA,NA
Woodruff,South Carolina,56,60,68,76,84,90,93,91,85,76,67,58,34,37,43,50,60,68,72,71,64,52,42,35,3.54,3.58,3.7,2.6,2.95,4.69,11,10,7,7,7,9,9,9,8,8,7,10,285,263,240,235,195,173,173,183,238,270,291,279,NA,NA,NA,NA,NA,NA,5.43,5.24,3.5,3.15,2.72,3.19,NA,NA,NA,NA,NA,NA
Worcester,Massachusetts,31,35,43,55,66,74,79,77,70,58,48,36,17,19,26,37,47,56,62,60,53,42,33,23,3.5,3.23,4.21,4.09,4.17,4.17,4.21,3.7,3.94,4.69,4.29,3.82,NA,NA,NA,NA,NA,NA,NA,NA,NA,NA,NA,NA,NA,NA,NA,NA,NA,NA,NA,NA,NA,NA,NA,NA,17,16,11,3,0,0,0,0,0,0,3,14
